DATE,DEXUSDJPY
1/3/2000,101.7
1/4/2000,103.09
1/5/2000,103.77
1/6/2000,105.19
1/7/2000,105.17
1/10/2000,105.28
1/11/2000,106.09
1/12/2000,105.76
1/13/2000,106.09
1/14/2000,105.86
1/17/2000,.
1/18/2000,105.49
1/19/2000,105.39
1/20/2000,105.45
1/21/2000,104.96
1/24/2000,105.52
1/25/2000,105.87
1/26/2000,105.85
1/27/2000,104.91
1/28/2000,107.15
1/31/2000,107.33
2/1/2000,107.67
2/2/2000,108.4
2/3/2000,107.92
2/4/2000,107.54
2/7/2000,108.75
2/8/2000,109.59
2/9/2000,109.11
2/10/2000,108.74
2/11/2000,108.99
2/14/2000,108.65
2/15/2000,108.75
2/16/2000,109.38
2/17/2000,110.27
2/18/2000,110.88
2/21/2000,.
2/22/2000,111.04
2/23/2000,111.11
2/24/2000,110.95
2/25/2000,110.98
2/28/2000,109.17
2/29/2000,109.88
3/1/2000,107.1
3/2/2000,107.37
3/3/2000,107.8
3/6/2000,107.74
3/7/2000,106.2
3/8/2000,106.89
3/9/2000,106.45
3/10/2000,106.27
3/13/2000,105.32
3/14/2000,104.85
3/15/2000,105.58
3/16/2000,105.63
3/17/2000,106.1
3/20/2000,106.5
3/21/2000,106.91
3/22/2000,106.77
3/23/2000,107.45
3/24/2000,107.25
3/27/2000,107.13
3/28/2000,105.9
3/29/2000,105.6
3/30/2000,105.53
3/31/2000,102.73
4/3/2000,104.82
4/4/2000,105.33
4/5/2000,105
4/6/2000,104.78
4/7/2000,105.33
4/10/2000,106.37
4/11/2000,106.95
4/12/2000,105.86
4/13/2000,105.76
4/14/2000,105.12
4/17/2000,104.19
4/18/2000,104.59
4/19/2000,104.94
4/20/2000,105.45
4/21/2000,105.88
4/24/2000,105.66
4/25/2000,105.71
4/26/2000,106.46
4/27/2000,106.36
4/28/2000,107.98
5/1/2000,108.89
5/2/2000,108.63
5/3/2000,109.14
5/4/2000,108.17
5/5/2000,108.53
5/8/2000,109.03
5/9/2000,109.61
5/10/2000,109.33
5/11/2000,108.47
5/12/2000,108.74
5/15/2000,109.48
5/16/2000,109.75
5/17/2000,109.53
5/18/2000,108.7
5/19/2000,106.89
5/22/2000,107.02
5/23/2000,106.72
5/24/2000,107.58
5/25/2000,107.48
5/26/2000,107.18
5/29/2000,.
5/30/2000,106.44
5/31/2000,107.74
6/1/2000,108.74
6/2/2000,108.15
6/5/2000,107.44
6/6/2000,105.64
6/7/2000,105.5
6/8/2000,105.86
6/9/2000,106.78
6/12/2000,106.65
6/13/2000,106.79
6/14/2000,106.89
6/15/2000,106.52
6/16/2000,106.22
6/19/2000,105.74
6/20/2000,105.42
6/21/2000,105.5
6/22/2000,104.4
6/23/2000,104.59
6/26/2000,105.66
6/27/2000,105.53
6/28/2000,105.51
6/29/2000,105.09
6/30/2000,106.14
7/3/2000,105.64
7/4/2000,.
7/5/2000,106.91
7/6/2000,107.37
7/7/2000,107.81
7/10/2000,107.1
7/11/2000,106.93
7/12/2000,108.36
7/13/2000,108.27
7/14/2000,107.88
7/17/2000,108.53
7/18/2000,108.3
7/19/2000,108.2
7/20/2000,107.89
7/21/2000,109.08
7/24/2000,108.92
7/25/2000,109.3
7/26/2000,109.28
7/27/2000,109.15
7/28/2000,109.63
7/31/2000,109.68
8/1/2000,109.47
8/2/2000,108.77
8/3/2000,108.36
8/4/2000,108.54
8/7/2000,108.99
8/8/2000,108.64
8/9/2000,107.99
8/10/2000,108.7
8/11/2000,108.68
8/14/2000,109.52
8/15/2000,109
8/16/2000,108.55
8/17/2000,108.48
8/18/2000,108.43
8/21/2000,108.53
8/22/2000,108.34
8/23/2000,107.02
8/24/2000,106.89
8/25/2000,107.17
8/28/2000,106.45
8/29/2000,106.2
8/30/2000,106.47
8/31/2000,106.66
9/1/2000,105.78
9/4/2000,.
9/5/2000,105.88
9/6/2000,106.08
9/7/2000,105.1
9/8/2000,106.03
9/11/2000,105.97
9/12/2000,106.93
9/13/2000,107.11
9/14/2000,107.25
9/15/2000,107.33
9/18/2000,106.87
9/19/2000,107.02
9/20/2000,106.77
9/21/2000,106.5
9/22/2000,107.94
9/25/2000,107.63
9/26/2000,107.63
9/27/2000,107.44
9/28/2000,107.59
9/29/2000,107.9
10/2/2000,108.81
10/3/2000,108.66
10/4/2000,109.29
10/5/2000,109.3
10/6/2000,108.81
10/9/2000,.
10/10/2000,107.9
10/11/2000,107.63
10/12/2000,107.58
10/13/2000,107.67
10/16/2000,108.3
10/17/2000,108.15
10/18/2000,107.78
10/19/2000,108.55
10/20/2000,109.04
10/23/2000,108.45
10/24/2000,108.08
10/25/2000,108.05
10/26/2000,108.36
10/27/2000,108.75
10/30/2000,108.99
10/31/2000,109.15
11/1/2000,108.48
11/2/2000,108.39
11/3/2000,107.58
11/6/2000,107.34
11/7/2000,107.3
11/8/2000,107.57
11/9/2000,107.41
11/10/2000,107.83
11/13/2000,107.7
11/14/2000,108.15
11/15/2000,108.75
11/16/2000,109.08
11/17/2000,108.86
11/20/2000,109.79
11/21/2000,110.29
11/22/2000,110.16
11/23/2000,.
11/24/2000,111.38
11/27/2000,110.7
11/28/2000,110.23
11/29/2000,111.28
11/30/2000,110.93
12/1/2000,111.15
12/4/2000,111.07
12/5/2000,111
12/6/2000,110.42
12/7/2000,110.7
12/8/2000,111.29
12/11/2000,110.77
12/12/2000,111.5
12/13/2000,112.4
12/14/2000,112.42
12/15/2000,112.55
12/18/2000,112.06
12/19/2000,112.55
12/20/2000,112.58
12/21/2000,112.18
12/22/2000,112.75
12/25/2000,.
12/26/2000,113.62
12/27/2000,114.2
12/28/2000,114.62
12/29/2000,114.35
1/1/2001,.
1/2/2001,114.73
1/3/2001,114.26
1/4/2001,115.47
1/5/2001,116.19
1/8/2001,115.97
1/9/2001,116.64
1/10/2001,116.26
1/11/2001,117.56
1/12/2001,117.76
1/15/2001,.
1/16/2001,117.28
1/17/2001,118.35
1/18/2001,117.78
1/19/2001,117.23
1/22/2001,116.62
1/23/2001,116.95
1/24/2001,118.18
1/25/2001,116.91
1/26/2001,117.16
1/29/2001,116.67
1/30/2001,115.75
1/31/2001,116.39
2/1/2001,115.33
2/2/2001,115.65
2/5/2001,114.99
2/6/2001,114.88
2/7/2001,116.21
2/8/2001,116.3
2/9/2001,117.57
2/12/2001,117.62
2/13/2001,117.3
2/14/2001,116.65
2/15/2001,115.67
2/16/2001,115.46
2/19/2001,.
2/20/2001,115.57
2/21/2001,116.45
2/22/2001,116.53
2/23/2001,116.15
2/26/2001,116.63
2/27/2001,116.2
2/28/2001,117.28
3/1/2001,117.33
3/2/2001,119.06
3/5/2001,119.08
3/6/2001,118.87
3/7/2001,119.86
3/8/2001,119.51
3/9/2001,119.71
3/12/2001,120.63
3/13/2001,120.2
3/14/2001,120.97
3/15/2001,122.23
3/16/2001,122.85
3/19/2001,122.57
3/20/2001,122.73
3/21/2001,123.62
3/22/2001,123.84
3/23/2001,122.64
3/26/2001,122.81
3/27/2001,122.99
3/28/2001,122.62
3/29/2001,123.45
3/30/2001,125.54
4/2/2001,126.75
4/3/2001,125.41
4/4/2001,125.38
4/5/2001,124.33
4/6/2001,124.03
4/9/2001,124.85
4/10/2001,124.48
4/11/2001,124.82
4/12/2001,123.51
4/13/2001,124.15
4/16/2001,124.64
4/17/2001,123.67
4/18/2001,122.35
4/19/2001,121.87
4/20/2001,122.52
4/23/2001,121.68
4/24/2001,122.08
4/25/2001,122.21
4/26/2001,123.13
4/27/2001,123.76
4/30/2001,123.57
5/1/2001,121.92
5/2/2001,121.72
5/3/2001,121.19
5/4/2001,121.05
5/7/2001,121.34
5/8/2001,121.66
5/9/2001,122.25
5/10/2001,122.71
5/11/2001,122.5
5/14/2001,123.12
5/15/2001,123.26
5/16/2001,123.59
5/17/2001,122.68
5/18/2001,123.67
5/21/2001,122.91
5/22/2001,122.79
5/23/2001,120.39
5/24/2001,120.15
5/25/2001,120.75
5/28/2001,.
5/29/2001,120.1
5/30/2001,120.27
5/31/2001,118.88
6/1/2001,119.13
6/4/2001,119.5
6/5/2001,120.27
6/6/2001,120.35
6/7/2001,119.91
6/8/2001,120.6
6/11/2001,122.02
6/12/2001,121.74
6/13/2001,121.89
6/14/2001,121.42
6/15/2001,122.97
6/18/2001,123.2
6/19/2001,122.97
6/20/2001,123.3
6/21/2001,124.4
6/22/2001,124.25
6/25/2001,124.02
6/26/2001,123.82
6/27/2001,124.25
6/28/2001,124.63
6/29/2001,124.73
7/2/2001,124.22
7/3/2001,124.48
7/4/2001,.
7/5/2001,125.77
7/6/2001,125.85
7/9/2001,125.43
7/10/2001,125.53
7/11/2001,124.06
7/12/2001,124.1
7/13/2001,124.75
7/16/2001,125.44
7/17/2001,124.89
7/18/2001,124.35
7/19/2001,123.61
7/20/2001,122.85
7/23/2001,124.19
7/24/2001,124
7/25/2001,123.64
7/26/2001,123.83
7/27/2001,123.29
7/30/2001,125.18
7/31/2001,125
8/1/2001,124.87
8/2/2001,123.72
8/3/2001,123.46
8/6/2001,123.85
8/7/2001,123.83
8/8/2001,123.2
8/9/2001,123.03
8/10/2001,121.97
8/13/2001,122.46
8/14/2001,121.6
8/15/2001,119.92
8/16/2001,120.11
8/17/2001,120.37
8/20/2001,120.72
8/21/2001,119.91
8/22/2001,119.91
8/23/2001,119.84
8/24/2001,120.13
8/27/2001,120.12
8/28/2001,120.48
8/29/2001,119.79
8/30/2001,119.4
8/31/2001,118.75
9/3/2001,.
9/4/2001,119.49
9/5/2001,120.76
9/6/2001,120.95
9/7/2001,120.07
9/10/2001,121.08
9/11/2001,.
9/12/2001,119.53
9/13/2001,118.81
9/14/2001,117.38
9/17/2001,117.59
9/18/2001,117.32
9/19/2001,117.3
9/20/2001,115.89
9/21/2001,116.73
9/24/2001,117.52
9/25/2001,117.78
9/26/2001,117.89
9/27/2001,119.69
9/28/2001,119.23
10/1/2001,120.27
10/2/2001,120.78
10/3/2001,120.67
10/4/2001,120.63
10/5/2001,120.37
10/8/2001,.
10/9/2001,120.2
10/10/2001,120.43
10/11/2001,121.57
10/12/2001,120.93
10/15/2001,120.94
10/16/2001,121.27
10/17/2001,121.05
10/18/2001,121.18
10/19/2001,121.15
10/22/2001,122.45
10/23/2001,122.83
10/24/2001,122.86
10/25/2001,122.72
10/26/2001,122.99
10/29/2001,122.08
10/30/2001,122.07
10/31/2001,122.54
11/1/2001,121.87
11/2/2001,121.68
11/5/2001,121.72
11/6/2001,121.15
11/7/2001,121.05
11/8/2001,119.98
11/9/2001,120.25
11/12/2001,.
11/13/2001,121.45
11/14/2001,121.67
11/15/2001,122.4
11/16/2001,122.67
11/19/2001,123.27
11/20/2001,122.62
11/21/2001,123.19
11/22/2001,.
11/23/2001,124.44
11/26/2001,124.2
11/27/2001,124.17
11/28/2001,123.29
11/29/2001,123.82
11/30/2001,123.22
12/3/2001,123.9
12/4/2001,124.28
12/5/2001,124.4
12/6/2001,124.83
12/7/2001,125.66
12/10/2001,126.27
12/11/2001,126.23
12/12/2001,126.52
12/13/2001,126.32
12/14/2001,127.24
12/17/2001,127.54
12/18/2001,127.97
12/19/2001,128.2
12/20/2001,128.55
12/21/2001,129.48
12/24/2001,129.9
12/25/2001,.
12/26/2001,130.79
12/27/2001,131.47
12/28/2001,131.3
12/31/2001,131.04
1/1/2002,.
1/2/2002,132.02
1/3/2002,131.76
1/4/2002,131.02
1/7/2002,130.93
1/8/2002,132.53
1/9/2002,132.62
1/10/2002,132.61
1/11/2002,132.17
1/14/2002,131.83
1/15/2002,131.14
1/16/2002,131.77
1/17/2002,132.13
1/18/2002,132.64
1/21/2002,.
1/22/2002,133.98
1/23/2002,134.25
1/24/2002,134.64
1/25/2002,134.47
1/28/2002,133.43
1/29/2002,133.51
1/30/2002,132.84
1/31/2002,134.06
2/1/2002,133.77
2/4/2002,132.71
2/5/2002,133.9
2/6/2002,133.72
2/7/2002,133.49
2/8/2002,134.77
2/11/2002,133.62
2/12/2002,132.82
2/13/2002,133.23
2/14/2002,132.26
2/15/2002,132.76
2/18/2002,.
2/19/2002,133.45
2/20/2002,133.76
2/21/2002,134.27
2/22/2002,133.85
2/25/2002,133.89
2/26/2002,134.35
2/27/2002,134.63
2/28/2002,133.96
3/1/2002,133.35
3/4/2002,132.2
3/5/2002,132.31
3/6/2002,130.85
3/7/2002,127.07
3/8/2002,128.21
3/11/2002,128.08
3/12/2002,128.67
3/13/2002,129.43
3/14/2002,128.94
3/15/2002,129.1
3/18/2002,131.27
3/19/2002,132.3
3/20/2002,131.6
3/21/2002,131.86
3/22/2002,132.88
3/25/2002,133.46
3/26/2002,132.78
3/27/2002,132.61
3/28/2002,132.61
3/29/2002,132.7
4/1/2002,133.32
4/2/2002,133.4
4/3/2002,132.65
4/4/2002,132.3
4/5/2002,131.73
4/8/2002,131.27
4/9/2002,131.03
4/10/2002,130.75
4/11/2002,131.55
4/12/2002,132.09
4/15/2002,131.95
4/16/2002,131.19
4/17/2002,130.7
4/18/2002,129.84
4/19/2002,130.5
4/22/2002,129.9
4/23/2002,129.89
4/24/2002,129.76
4/25/2002,128.4
4/26/2002,128.18
4/29/2002,128.13
4/30/2002,128.45
5/1/2002,127.45
5/2/2002,128.02
5/3/2002,127.21
5/6/2002,127.27
5/7/2002,127.8
5/8/2002,128.64
5/9/2002,128.36
5/10/2002,127.89
5/13/2002,127.69
5/14/2002,128.66
5/15/2002,127.92
5/16/2002,128.19
5/17/2002,126.03
5/20/2002,125.64
5/21/2002,123.83
5/22/2002,124.16
5/23/2002,124.84
5/24/2002,124.71
5/27/2002,.
5/28/2002,124.38
5/29/2002,124.35
5/30/2002,123.08
5/31/2002,124.13
6/3/2002,123.69
6/4/2002,123.95
6/5/2002,124.4
6/6/2002,124.34
6/7/2002,124.49
6/10/2002,124.6
6/11/2002,125.56
6/12/2002,125.64
6/13/2002,125.12
6/14/2002,124.25
6/17/2002,124.37
6/18/2002,124.56
6/19/2002,124.04
6/20/2002,123.33
6/21/2002,121.23
6/24/2002,121.28
6/25/2002,121.9
6/26/2002,119.83
6/27/2002,119.38
6/28/2002,119.85
7/1/2002,120.04
7/2/2002,120.13
7/3/2002,119.77
7/4/2002,.
7/5/2002,120.19
7/8/2002,118.66
7/9/2002,117.85
7/10/2002,117.94
7/11/2002,116.62
7/12/2002,116.73
7/15/2002,116.06
7/16/2002,115.71
7/17/2002,116.24
7/18/2002,117.02
7/19/2002,115.73
7/22/2002,116.22
7/23/2002,117.35
7/24/2002,116.33
7/25/2002,116.87
7/26/2002,118.78
7/29/2002,119.87
7/30/2002,119.9
7/31/2002,119.77
8/1/2002,119.1
8/2/2002,118.98
8/5/2002,119.26
8/6/2002,121.14
8/7/2002,120.37
8/8/2002,121.04
8/9/2002,120.15
8/12/2002,118.85
8/13/2002,119.08
8/14/2002,116.53
8/15/2002,117.28
8/16/2002,117.51
8/19/2002,118.53
8/20/2002,118.84
8/21/2002,118.54
8/22/2002,119.85
8/23/2002,119.53
8/26/2002,119.54
8/27/2002,118.31
8/28/2002,118.31
8/29/2002,118.34
8/30/2002,118.76
9/2/2002,.
9/3/2002,117.12
9/4/2002,118.01
9/5/2002,118.34
9/6/2002,118.48
9/9/2002,118.85
9/10/2002,119.78
9/11/2002,120.64
9/12/2002,120.68
9/13/2002,121.5
9/16/2002,122.17
9/17/2002,122.64
9/18/2002,121.49
9/19/2002,121.48
9/20/2002,123.16
9/23/2002,123.93
9/24/2002,123.38
9/25/2002,122.72
9/26/2002,122.59
9/27/2002,122.86
9/30/2002,121.74
10/1/2002,122.73
10/2/2002,123.21
10/3/2002,123.04
10/4/2002,123.02
10/7/2002,124.44
10/8/2002,124.26
10/9/2002,123.55
10/10/2002,123.64
10/11/2002,124.04
10/14/2002,.
10/15/2002,124.66
10/16/2002,124.3
10/17/2002,124.8
10/18/2002,125.52
10/21/2002,124.71
10/22/2002,125.09
10/23/2002,124.17
10/24/2002,124.77
10/25/2002,124.14
10/28/2002,123.64
10/29/2002,122.55
10/30/2002,122.91
10/31/2002,122.78
11/1/2002,122.16
11/4/2002,122.46
11/5/2002,121.84
11/6/2002,122.22
11/7/2002,121.26
11/8/2002,119.72
11/11/2002,.
11/12/2002,119.57
11/13/2002,120.28
11/14/2002,120.45
11/15/2002,120.37
11/18/2002,121.15
11/19/2002,121.65
11/20/2002,122.52
11/21/2002,122.92
11/22/2002,122.84
11/25/2002,122.32
11/26/2002,121.89
11/27/2002,122.21
11/28/2002,.
11/29/2002,122.72
12/2/2002,124.61
12/3/2002,124.42
12/4/2002,124.84
12/5/2002,124.99
12/6/2002,123.69
12/9/2002,123.36
12/10/2002,123.66
12/11/2002,123.46
12/12/2002,122.75
12/13/2002,120.71
12/16/2002,121.28
12/17/2002,121.27
12/18/2002,121.12
12/19/2002,120.86
12/20/2002,120.52
12/23/2002,120.77
12/24/2002,120.27
12/25/2002,.
12/26/2002,120.12
12/27/2002,119.92
12/30/2002,118.38
12/31/2002,118.75
1/1/2003,.
1/2/2003,119.86
1/3/2003,119.85
1/6/2003,119.06
1/7/2003,120.18
1/8/2003,119.35
1/9/2003,119.57
1/10/2003,119.44
1/13/2003,119.03
1/14/2003,117.96
1/15/2003,117.91
1/16/2003,118.02
1/17/2003,117.88
1/20/2003,.
1/21/2003,118.57
1/22/2003,118.15
1/23/2003,117.83
1/24/2003,117.8
1/27/2003,118.64
1/28/2003,118.67
1/29/2003,118.13
1/30/2003,119.22
1/31/2003,119.96
2/3/2003,120.47
2/4/2003,119.75
2/5/2003,119.78
2/6/2003,119.93
2/7/2003,120.4
2/10/2003,121.25
2/11/2003,121.19
2/12/2003,121.3
2/13/2003,120.49
2/14/2003,120.41
2/17/2003,.
2/18/2003,118.93
2/19/2003,118.65
2/20/2003,118.18
2/21/2003,118.78
2/24/2003,117.78
2/25/2003,117.14
2/26/2003,117.19
2/27/2003,117.58
2/28/2003,118.22
3/3/2003,117.93
3/4/2003,117.96
3/5/2003,117.32
3/6/2003,117.22
3/7/2003,116.47
3/10/2003,116.55
3/11/2003,117.07
3/12/2003,117.18
3/13/2003,118.31
3/14/2003,118.59
3/17/2003,118.45
3/18/2003,118.9
3/19/2003,120.13
3/20/2003,120.05
3/21/2003,121.42
3/24/2003,120.69
3/25/2003,120.03
3/26/2003,120.13
3/27/2003,119.78
3/28/2003,120.18
3/31/2003,118.07
4/1/2003,118.25
4/2/2003,119.17
4/3/2003,119.55
4/4/2003,120.05
4/7/2003,120.41
4/8/2003,119.91
4/9/2003,120.55
4/10/2003,119.58
4/11/2003,120.47
4/14/2003,120.3
4/15/2003,120.2
4/16/2003,120.04
4/17/2003,119.3
4/18/2003,119.72
4/21/2003,120.55
4/22/2003,119.68
4/23/2003,120.33
4/24/2003,119.83
4/25/2003,120.25
4/28/2003,120.34
4/29/2003,120.14
4/30/2003,119.07
5/1/2003,118.56
5/2/2003,119.1
5/5/2003,118.64
5/6/2003,117.94
5/7/2003,116.51
5/8/2003,116.65
5/9/2003,117.2
5/12/2003,116.94
5/13/2003,116.56
5/14/2003,116.16
5/15/2003,115.94
5/16/2003,116.01
5/19/2003,116.58
5/20/2003,116.77
5/21/2003,117.23
5/22/2003,117.25
5/23/2003,116.89
5/26/2003,.
5/27/2003,117.12
5/28/2003,118.73
5/29/2003,118.45
5/30/2003,119.5
6/2/2003,118.52
6/3/2003,119.27
6/4/2003,118.6
6/5/2003,117.61
6/6/2003,118.83
6/9/2003,118.11
6/10/2003,117.68
6/11/2003,117.69
6/12/2003,117.66
6/13/2003,117.46
6/16/2003,117.79
6/17/2003,118.2
6/18/2003,118.4
6/19/2003,118.74
6/20/2003,118.39
6/23/2003,117.55
6/24/2003,117.96
6/25/2003,117.54
6/26/2003,119.32
6/27/2003,119.72
6/30/2003,119.87
7/1/2003,119.45
7/2/2003,118.63
7/3/2003,118.24
7/4/2003,.
7/7/2003,118.08
7/8/2003,118.58
7/9/2003,117.85
7/10/2003,117.69
7/11/2003,117.8
7/14/2003,117.54
7/15/2003,117.24
7/16/2003,118.24
7/17/2003,118.87
7/18/2003,118.4
7/21/2003,118.35
7/22/2003,119.34
7/23/2003,118.77
7/24/2003,119.25
7/25/2003,118.82
7/28/2003,119.42
7/29/2003,119.78
7/30/2003,120.55
7/31/2003,120.42
8/1/2003,120
8/4/2003,120.47
8/5/2003,119.95
8/6/2003,120.33
8/7/2003,118.91
8/8/2003,119.02
8/11/2003,118.36
8/12/2003,118.53
8/13/2003,119.07
8/14/2003,119.14
8/15/2003,119.24
8/18/2003,119.43
8/19/2003,119.26
8/20/2003,118.23
8/21/2003,117.58
8/22/2003,117.58
8/25/2003,117.43
8/26/2003,117.49
8/27/2003,117.74
8/28/2003,117.44
8/29/2003,116.71
9/1/2003,.
9/2/2003,116.15
9/3/2003,116.04
9/4/2003,116.77
9/5/2003,117.06
9/8/2003,116.48
9/9/2003,116.33
9/10/2003,117.13
9/11/2003,117.07
9/12/2003,117.38
9/15/2003,117.41
9/16/2003,116.27
9/17/2003,115.99
9/18/2003,115.27
9/19/2003,113.99
9/22/2003,111.95
9/23/2003,111.65
9/24/2003,111.7
9/25/2003,111.86
9/26/2003,111.8
9/29/2003,111.07
9/30/2003,111.43
10/1/2003,110.61
10/2/2003,110.59
10/3/2003,110.9
10/6/2003,110.81
10/7/2003,109.81
10/8/2003,109.55
10/9/2003,109.34
10/10/2003,108.57
10/13/2003,.
10/14/2003,109.29
10/15/2003,109.56
10/16/2003,109.36
10/17/2003,109.57
10/20/2003,110.22
10/21/2003,109.69
10/22/2003,108.95
10/23/2003,109.59
10/24/2003,109.23
10/27/2003,108.38
10/28/2003,108.33
10/29/2003,108.18
10/30/2003,108.27
10/31/2003,110.1
11/3/2003,111.2
11/4/2003,109.6
11/5/2003,109.91
11/6/2003,110.15
11/7/2003,109.29
11/10/2003,107.98
11/11/2003,.
11/12/2003,108.55
11/13/2003,108.33
11/14/2003,108.43
11/17/2003,108.98
11/18/2003,108.11
11/19/2003,109.06
11/20/2003,108.99
11/21/2003,108.87
11/24/2003,109.39
11/25/2003,109.72
11/26/2003,109.11
11/27/2003,.
11/28/2003,109.53
12/1/2003,109.61
12/2/2003,108.82
12/3/2003,108.17
12/4/2003,108.19
12/5/2003,107.78
12/8/2003,107.23
12/9/2003,107.3
12/10/2003,108.4
12/11/2003,108.23
12/12/2003,107.73
12/15/2003,107.52
12/16/2003,107.6
12/17/2003,107.42
12/18/2003,107.92
12/19/2003,107.94
12/22/2003,107.4
12/23/2003,107.44
12/24/2003,107.29
12/25/2003,.
12/26/2003,107.18
12/29/2003,106.93
12/30/2003,107
12/31/2003,107.13
1/1/2004,.
1/2/2004,106.95
1/5/2004,106.1
1/6/2004,106.2
1/7/2004,106.19
1/8/2004,106.17
1/9/2004,106.54
1/12/2004,106.48
1/13/2004,106.25
1/14/2004,106.06
1/15/2004,106.1
1/16/2004,106.87
1/19/2004,.
1/20/2004,107.17
1/21/2004,106.84
1/22/2004,106.08
1/23/2004,106.21
1/26/2004,106.15
1/27/2004,105.56
1/28/2004,105.52
1/29/2004,106.09
1/30/2004,105.84
2/2/2004,105.59
2/3/2004,105.36
2/4/2004,105.53
2/5/2004,105.52
2/6/2004,105.57
2/9/2004,105.68
2/10/2004,105.55
2/11/2004,105.37
2/12/2004,105.42
2/13/2004,105.6
2/16/2004,.
2/17/2004,105.8
2/18/2004,106.37
2/19/2004,107.09
2/20/2004,108.83
2/23/2004,108.22
2/24/2004,108.11
2/25/2004,108.99
2/26/2004,109.59
2/27/2004,109.26
3/1/2004,108.93
3/2/2004,110.27
3/3/2004,110.25
3/4/2004,110.74
3/5/2004,111.42
3/8/2004,112.12
3/9/2004,111.2
3/10/2004,111.04
3/11/2004,110.89
3/12/2004,110.82
3/15/2004,110.48
3/16/2004,108.95
3/17/2004,108.18
3/18/2004,106.6
3/19/2004,106.97
3/22/2004,106.84
3/23/2004,106.63
3/24/2004,106.23
3/25/2004,106.06
3/26/2004,105.93
3/29/2004,105.52
3/30/2004,105.61
3/31/2004,104.18
4/1/2004,103.7
4/2/2004,104.55
4/5/2004,105.36
4/6/2004,105.9
4/7/2004,105.2
4/8/2004,106.1
4/9/2004,106.45
4/12/2004,105.5
4/13/2004,106.96
4/14/2004,108.53
4/15/2004,108.58
4/16/2004,107.69
4/19/2004,108.5
4/20/2004,108.43
4/21/2004,109.55
4/22/2004,109.85
4/23/2004,109.38
4/26/2004,108.55
4/27/2004,109.48
4/28/2004,109.85
4/29/2004,109.96
4/30/2004,110.37
5/3/2004,110.34
5/4/2004,110.02
5/5/2004,108.5
5/6/2004,109.58
5/7/2004,112.3
5/10/2004,114.03
5/11/2004,113.67
5/12/2004,113.21
5/13/2004,114.25
5/14/2004,114.3
5/17/2004,114.1
5/18/2004,114.06
5/19/2004,112.77
5/20/2004,113.18
5/21/2004,112.09
5/24/2004,112.66
5/25/2004,112.21
5/26/2004,111.7
5/27/2004,110.77
5/28/2004,110.18
5/31/2004,.
6/1/2004,110.45
6/2/2004,110.28
6/3/2004,111.14
6/4/2004,111.27
6/7/2004,109.61
6/8/2004,109.77
6/9/2004,109.74
6/10/2004,109.33
6/11/2004,110.09
6/14/2004,111.15
6/15/2004,109.59
6/16/2004,110.15
6/17/2004,109.63
6/18/2004,108.65
6/21/2004,108.57
6/22/2004,109
6/23/2004,108.64
6/24/2004,107.1
6/25/2004,107.82
6/28/2004,107.95
6/29/2004,108.18
6/30/2004,109.43
7/1/2004,108.24
7/2/2004,108.6
7/5/2004,.
7/6/2004,109.24
7/7/2004,108.38
7/8/2004,108.76
7/9/2004,108.21
7/12/2004,108.24
7/13/2004,109.37
7/14/2004,109.13
7/15/2004,109.52
7/16/2004,108.77
7/19/2004,108.28
7/20/2004,108.38
7/21/2004,110.1
7/22/2004,109.68
7/23/2004,110.11
7/26/2004,110.08
7/27/2004,111.09
7/28/2004,111.78
7/29/2004,111.88
7/30/2004,111.39
8/2/2004,111.08
8/3/2004,110.6
8/4/2004,111.29
8/5/2004,111.53
8/6/2004,110.05
8/9/2004,110.57
8/10/2004,110.79
8/11/2004,110.78
8/12/2004,111.14
8/13/2004,110.67
8/16/2004,110.64
8/17/2004,110.07
8/18/2004,109.71
8/19/2004,109.34
8/20/2004,109.32
8/23/2004,109.47
8/24/2004,109.63
8/25/2004,110.38
8/26/2004,109.73
8/27/2004,109.51
8/30/2004,109.84
8/31/2004,109
9/1/2004,109.62
9/2/2004,109.52
9/3/2004,110.47
9/6/2004,.
9/7/2004,109.32
9/8/2004,109.22
9/9/2004,109.69
9/10/2004,109.33
9/13/2004,110.13
9/14/2004,109.4
9/15/2004,110.34
9/16/2004,109.75
9/17/2004,109.97
9/20/2004,109.87
9/21/2004,109.94
9/22/2004,110.53
9/23/2004,110.39
9/24/2004,110.72
9/27/2004,111.13
9/28/2004,111.48
9/29/2004,110.9
9/30/2004,110.2
10/1/2004,110.45
10/4/2004,111.13
10/5/2004,111.21
10/6/2004,111.34
10/7/2004,111.15
10/8/2004,109.44
10/11/2004,.
10/12/2004,109.79
10/13/2004,109.78
10/14/2004,109.6
10/15/2004,109.14
10/18/2004,109.23
10/19/2004,108.36
10/20/2004,108.16
10/21/2004,107.43
10/22/2004,107.42
10/25/2004,106.61
10/26/2004,106.63
10/27/2004,106.67
10/28/2004,106.09
10/29/2004,106.04
11/1/2004,106.41
11/2/2004,106.29
11/3/2004,106.2
11/4/2004,106.02
11/5/2004,105.6
11/8/2004,105.57
11/9/2004,105.57
11/10/2004,106.91
11/11/2004,.
11/12/2004,105.53
11/15/2004,105.53
11/16/2004,105.35
11/17/2004,104.18
11/18/2004,104.23
11/19/2004,102.8
11/22/2004,103.2
11/23/2004,103.42
11/24/2004,102.94
11/25/2004,.
11/26/2004,102.58
11/29/2004,102.61
11/30/2004,103.04
12/1/2004,102.78
12/2/2004,103.11
12/3/2004,102.56
12/6/2004,102.68
12/7/2004,102.74
12/8/2004,104.74
12/9/2004,104.93
12/10/2004,105.45
12/13/2004,104.67
12/14/2004,105.59
12/15/2004,104.02
12/16/2004,104.36
12/17/2004,104.28
12/20/2004,104.01
12/21/2004,104.33
12/22/2004,103.95
12/23/2004,103.71
12/24/2004,103.65
12/27/2004,102.97
12/28/2004,103.13
12/29/2004,104.19
12/30/2004,103.11
12/31/2004,102.68
1/3/2005,102.83
1/4/2005,104.27
1/5/2005,103.95
1/6/2005,104.87
1/7/2005,104.93
1/10/2005,104.32
1/11/2005,103.42
1/12/2005,102.26
1/13/2005,102.55
1/14/2005,102.5
1/17/2005,.
1/18/2005,102.36
1/19/2005,102.52
1/20/2005,103.31
1/21/2005,102.85
1/24/2005,102.67
1/25/2005,104.16
1/26/2005,102.9
1/27/2005,103.15
1/28/2005,103.45
1/31/2005,103.55
2/1/2005,103.93
2/2/2005,104.05
2/3/2005,104.55
2/4/2005,103.7
2/7/2005,104.68
2/8/2005,105.65
2/9/2005,105.84
2/10/2005,105.69
2/11/2005,105.75
2/14/2005,104.94
2/15/2005,104.47
2/16/2005,105.62
2/17/2005,105.4
2/18/2005,105.69
2/21/2005,.
2/22/2005,104.15
2/23/2005,104.96
2/24/2005,105.41
2/25/2005,105.21
2/28/2005,104.25
3/1/2005,104.37
3/2/2005,104.71
3/3/2005,105.02
3/4/2005,104.46
3/7/2005,105.22
3/8/2005,104.51
3/9/2005,103.87
3/10/2005,104.15
3/11/2005,103.93
3/14/2005,105.01
3/15/2005,104.54
3/16/2005,104.1
3/17/2005,104.57
3/18/2005,104.7
3/21/2005,105.1
3/22/2005,104.99
3/23/2005,105.76
3/24/2005,106.26
3/25/2005,106.32
3/28/2005,107.22
3/29/2005,107.49
3/30/2005,107.33
3/31/2005,107.22
4/1/2005,107.57
4/4/2005,108.28
4/5/2005,108.43
4/6/2005,108.67
4/7/2005,108.44
4/8/2005,108.26
4/11/2005,107.79
4/12/2005,108.26
4/13/2005,107.32
4/14/2005,108.18
4/15/2005,107.65
4/18/2005,107.39
4/19/2005,107.02
4/20/2005,106.82
4/21/2005,106.85
4/22/2005,105.85
4/25/2005,105.67
4/26/2005,106.03
4/27/2005,105.98
4/28/2005,105.97
4/29/2005,104.64
5/2/2005,105.07
5/3/2005,105.16
5/4/2005,104.77
5/5/2005,104.41
5/6/2005,104.93
5/9/2005,105.54
5/10/2005,105.53
5/11/2005,105.74
5/12/2005,106.68
5/13/2005,107.14
5/16/2005,107.02
5/17/2005,107.15
5/18/2005,107.05
5/19/2005,107.43
5/20/2005,108.17
5/23/2005,107.72
5/24/2005,107.46
5/25/2005,107.73
5/26/2005,107.95
5/27/2005,107.88
5/30/2005,.
5/31/2005,107.97
6/1/2005,108.42
6/2/2005,108.31
6/3/2005,107.84
6/6/2005,106.86
6/7/2005,106.64
6/8/2005,106.89
6/9/2005,107.52
6/10/2005,108.45
6/13/2005,109.58
6/14/2005,109.38
6/15/2005,109.34
6/16/2005,109.08
6/17/2005,108.83
6/20/2005,109.42
6/21/2005,108.52
6/22/2005,108.89
6/23/2005,108.79
6/24/2005,109.22
6/27/2005,109.39
6/28/2005,109.89
6/29/2005,110.27
6/30/2005,110.91
7/1/2005,111.68
7/4/2005,.
7/5/2005,111.61
7/6/2005,112.07
7/7/2005,112.08
7/8/2005,112.17
7/11/2005,111.76
7/12/2005,110.94
7/13/2005,112.08
7/14/2005,112.14
7/15/2005,112.32
7/18/2005,111.62
7/19/2005,112.95
7/20/2005,113.42
7/21/2005,110.47
7/22/2005,110.98
7/25/2005,111.59
7/26/2005,112.3
7/27/2005,112.3
7/28/2005,112.34
7/29/2005,112.25
8/1/2005,112.12
8/2/2005,111.28
8/3/2005,111.05
8/4/2005,111.17
8/5/2005,112.09
8/8/2005,111.87
8/9/2005,112.07
8/10/2005,110.67
8/11/2005,109.92
8/12/2005,109.55
8/15/2005,109.4
8/16/2005,109.37
8/17/2005,109.63
8/18/2005,110.54
8/19/2005,110.68
8/22/2005,109.75
8/23/2005,109.83
8/24/2005,110.35
8/25/2005,109.9
8/26/2005,109.85
8/29/2005,110.53
8/30/2005,111.49
8/31/2005,110.84
9/1/2005,110.16
9/2/2005,109.66
9/5/2005,.
9/6/2005,109.67
9/7/2005,110.06
9/8/2005,110.49
9/9/2005,109.69
9/12/2005,109.91
9/13/2005,110.85
9/14/2005,110.27
9/15/2005,110.48
9/16/2005,111.38
9/19/2005,111.3
9/20/2005,111.54
9/21/2005,111.33
9/22/2005,111.63
9/23/2005,112.17
9/26/2005,112.41
9/27/2005,113.32
9/28/2005,113.27
9/29/2005,113.14
9/30/2005,113.29
10/3/2005,114.17
10/4/2005,114.33
10/5/2005,113.72
10/6/2005,113.54
10/7/2005,113.82
10/10/2005,.
10/11/2005,114.21
10/12/2005,114.36
10/13/2005,114.97
10/14/2005,114.03
10/17/2005,114.86
10/18/2005,115.71
10/19/2005,115.47
10/20/2005,115.48
10/21/2005,115.93
10/24/2005,115.18
10/25/2005,114.78
10/26/2005,115.81
10/27/2005,115.14
10/28/2005,115.52
10/31/2005,116.36
11/1/2005,116.63
11/2/2005,116.76
11/3/2005,117.21
11/4/2005,118.2
11/7/2005,117.57
11/8/2005,117.1
11/9/2005,117.51
11/10/2005,118.05
11/11/2005,.
11/14/2005,118.88
11/15/2005,118.93
11/16/2005,119.17
11/17/2005,118.81
11/18/2005,119.21
11/21/2005,119.03
11/22/2005,119.22
11/23/2005,118.76
11/24/2005,.
11/25/2005,119.65
11/28/2005,119.25
11/29/2005,119.48
11/30/2005,119.66
12/1/2005,120.62
12/2/2005,120.77
12/5/2005,120.83
12/6/2005,120.82
12/7/2005,120.93
12/8/2005,120.27
12/9/2005,120.54
12/12/2005,119.9
12/13/2005,120.11
12/14/2005,116.81
12/15/2005,116.55
12/16/2005,115.78
12/19/2005,116.01
12/20/2005,117.01
12/21/2005,117.4
12/22/2005,116.55
12/23/2005,116.38
12/26/2005,.
12/27/2005,117.07
12/28/2005,117.62
12/29/2005,117.86
12/30/2005,117.88
1/2/2006,.
1/3/2006,116.34
1/4/2006,116.31
1/5/2006,115.96
1/6/2006,114.45
1/9/2006,114.66
1/10/2006,114.64
1/11/2006,113.96
1/12/2006,114.31
1/13/2006,114.43
1/16/2006,.
1/17/2006,115.83
1/18/2006,115.35
1/19/2006,115.07
1/20/2006,115.42
1/23/2006,114.67
1/24/2006,114.54
1/25/2006,115.73
1/26/2006,116.27
1/27/2006,117.16
1/30/2006,117.55
1/31/2006,116.88
2/1/2006,117.85
2/2/2006,118.26
2/3/2006,118.95
2/6/2006,118.94
2/7/2006,118.01
2/8/2006,118.69
2/9/2006,118.66
2/10/2006,117.64
2/13/2006,117.63
2/14/2006,117.43
2/15/2006,117.93
2/16/2006,117.91
2/17/2006,118.43
2/20/2006,.
2/21/2006,118.85
2/22/2006,118.51
2/23/2006,117
2/24/2006,116.87
2/27/2006,115.97
2/28/2006,115.82
3/1/2006,116.18
3/2/2006,116.07
3/3/2006,116.46
3/6/2006,117.46
3/7/2006,117.76
3/8/2006,117.9
3/9/2006,117.96
3/10/2006,119.07
3/13/2006,119.01
3/14/2006,117.36
3/15/2006,117.3
3/16/2006,117.13
3/17/2006,115.89
3/20/2006,116.25
3/21/2006,117.23
3/22/2006,116.72
3/23/2006,117.6
3/24/2006,117.5
3/27/2006,116.62
3/28/2006,117.23
3/29/2006,117.8
3/30/2006,117.41
3/31/2006,117.48
4/3/2006,117.82
4/4/2006,117.44
4/5/2006,117.59
4/6/2006,117.72
4/7/2006,118.31
4/10/2006,118.66
4/11/2006,118.61
4/12/2006,118.47
4/13/2006,118.42
4/14/2006,118.65
4/17/2006,117.68
4/18/2006,117.75
4/19/2006,117.58
4/20/2006,117.49
4/21/2006,116.91
4/24/2006,114.93
4/25/2006,114.83
4/26/2006,114.72
4/27/2006,114.02
4/28/2006,113.79
5/1/2006,113.06
5/2/2006,113.26
5/3/2006,113.44
5/4/2006,113.46
5/5/2006,112.45
5/8/2006,111.55
5/9/2006,111.31
5/10/2006,110.55
5/11/2006,110.26
5/12/2006,110.49
5/15/2006,110.21
5/16/2006,110.07
5/17/2006,110.6
5/18/2006,110.89
5/19/2006,111.76
5/22/2006,111.62
5/23/2006,111.35
5/24/2006,112.8
5/25/2006,111.92
5/26/2006,112.58
5/29/2006,.
5/30/2006,112.18
5/31/2006,112.26
6/1/2006,112.43
6/2/2006,111.66
6/5/2006,111.7
6/6/2006,113.26
6/7/2006,113.35
6/8/2006,114.22
6/9/2006,113.89
6/12/2006,114.17
6/13/2006,115.06
6/14/2006,114.85
6/15/2006,115.06
6/16/2006,115.12
6/19/2006,115.26
6/20/2006,115.02
6/21/2006,114.76
6/22/2006,115.94
6/23/2006,116.26
6/26/2006,116.38
6/27/2006,116.26
6/28/2006,116.42
6/29/2006,116.17
6/30/2006,114.51
7/3/2006,114.92
7/4/2006,.
7/5/2006,115.65
7/6/2006,115.18
7/7/2006,113.98
7/10/2006,113.97
7/11/2006,114.15
7/12/2006,115.41
7/13/2006,115.45
7/14/2006,116.33
7/17/2006,117.08
7/18/2006,117.44
7/19/2006,117.08
7/20/2006,116.83
7/21/2006,116.34
7/24/2006,116.65
7/25/2006,117.3
7/26/2006,116.85
7/27/2006,115.55
7/28/2006,114.74
7/31/2006,114.44
8/1/2006,114.96
8/2/2006,114.54
8/3/2006,115.27
8/4/2006,114.21
8/7/2006,114.85
8/8/2006,115.01
8/9/2006,115.14
8/10/2006,115.59
8/11/2006,116.18
8/14/2006,116.53
8/15/2006,115.96
8/16/2006,115.71
8/17/2006,115.44
8/18/2006,115.79
8/21/2006,115.86
8/22/2006,116.61
8/23/2006,116.43
8/24/2006,116.38
8/25/2006,117.31
8/28/2006,117.15
8/29/2006,116.92
8/30/2006,117.07
8/31/2006,117.35
9/1/2006,117.21
9/4/2006,.
9/5/2006,116.04
9/6/2006,116.73
9/7/2006,116.3
9/8/2006,116.89
9/11/2006,117.57
9/12/2006,117.82
9/13/2006,117.47
9/14/2006,117.47
9/15/2006,117.72
9/18/2006,118.02
9/19/2006,117.6
9/20/2006,117.29
9/21/2006,116.76
9/22/2006,116.45
9/25/2006,116.43
9/26/2006,117.16
9/27/2006,117.53
9/28/2006,117.84
9/29/2006,117.99
10/2/2006,117.66
10/3/2006,117.84
10/4/2006,118.02
10/5/2006,117.69
10/6/2006,118.89
10/9/2006,.
10/10/2006,119.68
10/11/2006,119.49
10/12/2006,119.53
10/13/2006,119.81
10/16/2006,119.25
10/17/2006,118.63
10/18/2006,119.09
10/19/2006,118.35
10/20/2006,118.73
10/23/2006,119.32
10/24/2006,119.25
10/25/2006,119.13
10/26/2006,118.62
10/27/2006,117.61
10/30/2006,117.38
10/31/2006,116.82
11/1/2006,117.01
11/2/2006,117.12
11/3/2006,118.06
11/6/2006,118.4
11/7/2006,117.44
11/8/2006,117.74
11/9/2006,117.92
11/10/2006,117.47
11/13/2006,118.14
11/14/2006,117.72
11/15/2006,118.06
11/16/2006,118.12
11/17/2006,117.73
11/20/2006,118.16
11/21/2006,118
11/22/2006,116.61
11/23/2006,.
11/24/2006,115.93
11/27/2006,116.12
11/28/2006,116.14
11/29/2006,116.29
11/30/2006,115.55
12/1/2006,115.33
12/4/2006,115.37
12/5/2006,114.98
12/6/2006,115.07
12/7/2006,115.13
12/8/2006,116.23
12/11/2006,117.02
12/12/2006,117.15
12/13/2006,117.43
12/14/2006,117.61
12/15/2006,117.84
12/18/2006,118.14
12/19/2006,117.93
12/20/2006,118.39
12/21/2006,118.26
12/22/2006,118.9
12/25/2006,.
12/26/2006,118.93
12/27/2006,118.76
12/28/2006,118.95
12/29/2006,119.02
1/1/2007,.
1/2/2007,118.83
1/3/2007,119.58
1/4/2007,119.28
1/5/2007,118.77
1/8/2007,118.49
1/9/2007,119.45
1/10/2007,119.52
1/11/2007,120.49
1/12/2007,120.36
1/15/2007,.
1/16/2007,120.64
1/17/2007,120.54
1/18/2007,121.32
1/19/2007,121.22
1/22/2007,121.56
1/23/2007,121.54
1/24/2007,120.77
1/25/2007,120.97
1/26/2007,121.53
1/29/2007,121.81
1/30/2007,121.7
1/31/2007,121.02
2/1/2007,120.67
2/2/2007,121.02
2/5/2007,120.34
2/6/2007,120.35
2/7/2007,120.65
2/8/2007,121.19
2/9/2007,121.59
2/12/2007,121.77
2/13/2007,121.24
2/14/2007,120.8
2/15/2007,119.49
2/16/2007,119.23
2/19/2007,.
2/20/2007,120.1
2/21/2007,120.99
2/22/2007,121.3
2/23/2007,121.1
2/26/2007,120.76
2/27/2007,118.67
2/28/2007,118.33
3/1/2007,117.53
3/2/2007,116.82
3/5/2007,116.01
3/6/2007,116.5
3/7/2007,116.41
3/8/2007,117.35
3/9/2007,118.15
3/12/2007,117.51
3/13/2007,116.96
3/14/2007,116.33
3/15/2007,117.26
3/16/2007,116.77
3/19/2007,117.58
3/20/2007,117.32
3/21/2007,117.83
3/22/2007,117.79
3/23/2007,117.82
3/26/2007,117.84
3/27/2007,117.8
3/28/2007,116.83
3/29/2007,117.75
3/30/2007,117.56
4/2/2007,117.69
4/3/2007,118.83
4/4/2007,118.72
4/5/2007,118.66
4/6/2007,119.33
4/9/2007,119.28
4/10/2007,119.07
4/11/2007,119.36
4/12/2007,118.99
4/13/2007,119.27
4/16/2007,119.84
4/17/2007,118.96
4/18/2007,118.27
4/19/2007,118.36
4/20/2007,118.81
4/23/2007,118.47
4/24/2007,118.52
4/25/2007,118.62
4/26/2007,119.5
4/27/2007,119.59
4/30/2007,119.44
5/1/2007,119.77
5/2/2007,120.05
5/3/2007,120.33
5/4/2007,120.16
5/7/2007,119.96
5/8/2007,119.89
5/9/2007,119.8
5/10/2007,120.37
5/11/2007,120.19
5/14/2007,120.37
5/15/2007,120.22
5/16/2007,120.74
5/17/2007,121.3
5/18/2007,121.09
5/21/2007,121.57
5/22/2007,121.47
5/23/2007,121.52
5/24/2007,121.46
5/25/2007,121.72
5/28/2007,.
5/29/2007,121.79
5/30/2007,121.48
5/31/2007,121.76
6/1/2007,122.1
6/4/2007,121.72
6/5/2007,121.49
6/6/2007,121.08
6/7/2007,121.34
6/8/2007,121.62
6/11/2007,121.78
6/12/2007,121.76
6/13/2007,122.37
6/14/2007,122.97
6/15/2007,123.55
6/18/2007,123.67
6/19/2007,123.39
6/20/2007,123.6
6/21/2007,123.68
6/22/2007,124.09
6/25/2007,123.84
6/26/2007,123.49
6/27/2007,122.52
6/28/2007,123.01
6/29/2007,123.39
7/2/2007,122.32
7/3/2007,122.4
7/4/2007,.
7/5/2007,122.82
7/6/2007,123.27
7/9/2007,123.34
7/10/2007,122.19
7/11/2007,122.13
7/12/2007,122.5
7/13/2007,121.99
7/16/2007,121.9
7/17/2007,122.36
7/18/2007,121.83
7/19/2007,122.06
7/20/2007,121.15
7/23/2007,121.31
7/24/2007,120.57
7/25/2007,120.33
7/26/2007,119.14
7/27/2007,118.56
7/30/2007,118.41
7/31/2007,119.13
8/1/2007,118.71
8/2/2007,119.35
8/3/2007,118.43
8/6/2007,118.04
8/7/2007,118.48
8/8/2007,119.76
8/9/2007,118.69
8/10/2007,118
8/13/2007,118.47
8/14/2007,118.21
8/15/2007,117.19
8/16/2007,114.03
8/17/2007,113.81
8/20/2007,114.49
8/21/2007,114.42
8/22/2007,114.95
8/23/2007,115.81
8/24/2007,116.12
8/27/2007,116.05
8/28/2007,114.7
8/29/2007,115.52
8/30/2007,115.81
8/31/2007,115.83
9/3/2007,115.83
9/4/2007,116.21
9/5/2007,115.15
9/6/2007,115.33
9/7/2007,113.57
9/10/2007,113.43
9/11/2007,113.97
9/12/2007,114.24
9/13/2007,115.37
9/14/2007,115.31
9/17/2007,114.93
9/18/2007,115.75
9/19/2007,116.21
9/20/2007,114.18
9/21/2007,115.6
9/24/2007,114.92
9/25/2007,114.48
9/26/2007,115.66
9/27/2007,115.76
9/28/2007,114.97
10/1/2007,115.91
10/2/2007,115.83
10/3/2007,116.74
10/4/2007,116.59
10/5/2007,116.83
10/8/2007,116.83
10/9/2007,116.98
10/10/2007,117.17
10/11/2007,117.71
10/12/2007,117.5
10/15/2007,117.37
10/16/2007,116.61
10/17/2007,116.62
10/18/2007,115.64
10/19/2007,115.15
10/22/2007,114.07
10/23/2007,114.65
10/24/2007,113.94
10/25/2007,114.09
10/26/2007,114.01
10/29/2007,114.69
10/30/2007,114.72
10/31/2007,115.27
11/1/2007,114.87
11/2/2007,114.74
11/5/2007,114.54
11/6/2007,114.51
11/7/2007,113.29
11/8/2007,112.66
11/9/2007,110.9
11/12/2007,.
11/13/2007,110.31
11/14/2007,111.38
11/15/2007,110.78
11/16/2007,111.05
11/19/2007,110.05
11/20/2007,110.05
11/21/2007,108.54
11/22/2007,108.54
11/23/2007,108.17
11/26/2007,108.17
11/27/2007,108.64
11/28/2007,110.38
11/29/2007,109.94
11/30/2007,111.02
12/3/2007,110.44
12/4/2007,109.68
12/5/2007,110.85
12/6/2007,111.05
12/7/2007,111.72
12/10/2007,111.6
12/11/2007,111.77
12/12/2007,112.36
12/13/2007,112.26
12/14/2007,113.35
12/17/2007,113.2
12/18/2007,113.17
12/19/2007,113.44
12/20/2007,112.97
12/21/2007,113.95
12/24/2007,114.45
12/25/2007,.
12/26/2007,114.08
12/27/2007,114
12/28/2007,112.93
12/31/2007,111.71
1/1/2008,.
1/2/2008,109.7
1/3/2008,109.58
1/4/2008,108.38
1/7/2008,109.1
1/8/2008,109.29
1/9/2008,109.4
1/10/2008,109.38
1/11/2008,109.11
1/14/2008,108.18
1/15/2008,107.07
1/16/2008,107.27
1/17/2008,107.01
1/18/2008,106.82
1/21/2008,.
1/22/2008,106.76
1/23/2008,105.42
1/24/2008,106.68
1/25/2008,107.31
1/28/2008,106.65
1/29/2008,107.08
1/30/2008,107.25
1/31/2008,106.74
2/1/2008,106.3
2/4/2008,106.73
2/5/2008,106.94
2/6/2008,106.75
2/7/2008,106.82
2/8/2008,107.34
2/11/2008,106.64
2/12/2008,107.42
2/13/2008,108.15
2/14/2008,107.97
2/15/2008,107.67
2/18/2008,.
2/19/2008,107.5
2/20/2008,107.97
2/21/2008,107.6
2/22/2008,106.98
2/25/2008,107.88
2/26/2008,107.73
2/27/2008,106.38
2/28/2008,105.64
2/29/2008,104.19
3/3/2008,103.57
3/4/2008,102.67
3/5/2008,103.99
3/6/2008,103.1
3/7/2008,102.69
3/10/2008,101.8
3/11/2008,102.87
3/12/2008,102.38
3/13/2008,100.58
3/14/2008,100.2
3/17/2008,96.88
3/18/2008,98.23
3/19/2008,99.34
3/20/2008,98.79
3/21/2008,99.4
3/24/2008,100.77
3/25/2008,100.07
3/26/2008,99.12
3/27/2008,99.87
3/28/2008,99.71
3/31/2008,99.85
4/1/2008,101.77
4/2/2008,102.77
4/3/2008,102.21
4/4/2008,101.75
4/7/2008,102.62
4/8/2008,102.55
4/9/2008,101.83
4/10/2008,101.71
4/11/2008,101.09
4/14/2008,100.87
4/15/2008,101.33
4/16/2008,101.4
4/17/2008,102.22
4/18/2008,104.56
4/21/2008,103.38
4/22/2008,102.7
4/23/2008,103.55
4/24/2008,104.2
4/25/2008,104.17
4/28/2008,104.3
4/29/2008,103.4
4/30/2008,104.53
5/1/2008,104.04
5/2/2008,105.33
5/5/2008,105.12
5/6/2008,104.54
5/7/2008,105.28
5/8/2008,103.87
5/9/2008,103.01
5/12/2008,103.83
5/13/2008,104.41
5/14/2008,105.2
5/15/2008,104.61
5/16/2008,103.86
5/19/2008,104.55
5/20/2008,103.66
5/21/2008,103.34
5/22/2008,104.03
5/23/2008,103.22
5/26/2008,.
5/27/2008,103.98
5/28/2008,104.69
5/29/2008,105.52
5/30/2008,105.46
6/2/2008,104.41
6/3/2008,105.29
6/4/2008,104.99
6/5/2008,106
6/6/2008,105.33
6/9/2008,106.06
6/10/2008,107.19
6/11/2008,106.77
6/12/2008,107.94
6/13/2008,107.92
6/16/2008,108.19
6/17/2008,108.03
6/18/2008,108.05
6/19/2008,107.95
6/20/2008,107.42
6/23/2008,107.89
6/24/2008,107.76
6/25/2008,108.29
6/26/2008,107.29
6/27/2008,106.28
6/30/2008,106.17
7/1/2008,105.73
7/2/2008,105.87
7/3/2008,106.79
7/4/2008,.
7/7/2008,107.55
7/8/2008,107.35
7/9/2008,107.12
7/10/2008,107.03
7/11/2008,106.14
7/14/2008,106.18
7/15/2008,104.78
7/16/2008,104.64
7/17/2008,105.82
7/18/2008,106.75
7/21/2008,106.74
7/22/2008,107.11
7/23/2008,107.68
7/24/2008,107.62
7/25/2008,107.89
7/28/2008,107.49
7/29/2008,108.19
7/30/2008,108.17
7/31/2008,108.1
8/1/2008,107.59
8/4/2008,108.23
8/5/2008,108.2
8/6/2008,109.39
8/7/2008,109.44
8/8/2008,110.09
8/11/2008,110.08
8/12/2008,109.78
8/13/2008,108.71
8/14/2008,109.75
8/15/2008,110.48
8/18/2008,110.07
8/19/2008,109.68
8/20/2008,109.98
8/21/2008,108.35
8/22/2008,109.88
8/25/2008,109.11
8/26/2008,109.83
8/27/2008,109.72
8/28/2008,109.56
8/29/2008,108.69
9/1/2008,.
9/2/2008,108.85
9/3/2008,108.18
9/4/2008,107.76
9/5/2008,106.96
9/8/2008,107.91
9/9/2008,107.1
9/10/2008,107.86
9/11/2008,106.66
9/12/2008,107.51
9/15/2008,105.67
9/16/2008,105.11
9/17/2008,104.71
9/18/2008,104.85
9/19/2008,107.18
9/22/2008,106.35
9/23/2008,105.8
9/24/2008,106.03
9/25/2008,106.48
9/26/2008,106.06
9/29/2008,105.1
9/30/2008,105.94
10/1/2008,106.06
10/2/2008,105.3
10/3/2008,105.76
10/6/2008,101.26
10/7/2008,102.3
10/8/2008,99.73
10/9/2008,100.67
10/10/2008,99.44
10/13/2008,.
10/14/2008,102.17
10/15/2008,101.47
10/16/2008,100.46
10/17/2008,101.4
10/20/2008,101.74
10/21/2008,100.43
10/22/2008,98.63
10/23/2008,97.6
10/24/2008,92.64
10/27/2008,93.28
10/28/2008,95.68
10/29/2008,97.48
10/30/2008,97.47
10/31/2008,98.28
11/3/2008,98.95
11/4/2008,100.48
11/5/2008,98.95
11/6/2008,98.04
11/7/2008,98.15
11/10/2008,97.96
11/11/2008,.
11/12/2008,95.54
11/13/2008,95.95
11/14/2008,96.66
11/17/2008,97.03
11/18/2008,97.38
11/19/2008,96.75
11/20/2008,94.98
11/21/2008,95.42
11/24/2008,96.69
11/25/2008,95.53
11/26/2008,95.46
11/27/2008,.
11/28/2008,95.46
12/1/2008,93.71
12/2/2008,93.64
12/3/2008,93.25
12/4/2008,92.78
12/5/2008,92.18
12/8/2008,92.77
12/9/2008,92.44
12/10/2008,92.94
12/11/2008,91.96
12/12/2008,91.26
12/15/2008,90.68
12/16/2008,89.98
12/17/2008,87.84
12/18/2008,89.81
12/19/2008,89.48
12/22/2008,90.07
12/23/2008,90.57
12/24/2008,90.68
12/25/2008,.
12/26/2008,90.65
12/29/2008,90.2
12/30/2008,90.37
12/31/2008,90.79
1/1/2009,.
1/2/2009,91.12
1/5/2009,93.2
1/6/2009,94.2
1/7/2009,92.7
1/8/2009,91.15
1/9/2009,90.25
1/12/2009,88.92
1/13/2009,89.65
1/14/2009,89.28
1/15/2009,89.59
1/16/2009,90.29
1/19/2009,.
1/20/2009,90.19
1/21/2009,87.8
1/22/2009,88.64
1/23/2009,88.72
1/26/2009,89.25
1/27/2009,88.99
1/28/2009,88.87
1/29/2009,89.77
1/30/2009,89.83
2/2/2009,89.86
2/3/2009,89.09
2/4/2009,89.53
2/5/2009,91.01
2/6/2009,91.95
2/9/2009,91.47
2/10/2009,90.65
2/11/2009,90.66
2/12/2009,90.55
2/13/2009,91.84
2/16/2009,.
2/17/2009,92.17
2/18/2009,93.81
2/19/2009,94.09
2/20/2009,93.87
2/23/2009,94.63
2/24/2009,96.6
2/25/2009,97.33
2/26/2009,98.55
2/27/2009,97.74
3/2/2009,97.17
3/3/2009,98.16
3/4/2009,99.34
3/5/2009,98.32
3/6/2009,97.88
3/9/2009,98.87
3/10/2009,98.39
3/11/2009,97.74
3/12/2009,97.86
3/13/2009,98.04
3/16/2009,98.17
3/17/2009,98.85
3/18/2009,98.08
3/19/2009,93.85
3/20/2009,96.18
3/23/2009,97.3
3/24/2009,97.86
3/25/2009,97.7
3/26/2009,98.47
3/27/2009,97.99
3/30/2009,97.44
3/31/2009,99.15
4/1/2009,98.93
4/2/2009,99.48
4/3/2009,99.94
4/6/2009,100.65
4/7/2009,100.71
4/8/2009,99.95
4/9/2009,100.43
4/10/2009,100.3
4/13/2009,100.12
4/14/2009,99.08
4/15/2009,99.37
4/16/2009,99.29
4/17/2009,99.21
4/20/2009,98.29
4/21/2009,98.6
4/22/2009,98.14
4/23/2009,97.88
4/24/2009,97.08
4/27/2009,96.57
4/28/2009,96.49
4/29/2009,96.97
4/30/2009,98.76
5/1/2009,99.24
5/4/2009,99.12
5/5/2009,98.76
5/6/2009,98.6
5/7/2009,99
5/8/2009,99.01
5/11/2009,97.45
5/12/2009,96.59
5/13/2009,95.75
5/14/2009,95.62
5/15/2009,94.89
5/18/2009,96.05
5/19/2009,96.1
5/20/2009,95.16
5/21/2009,94.97
5/22/2009,94.45
5/25/2009,.
5/26/2009,94.81
5/27/2009,95.01
5/28/2009,96.76
5/29/2009,95.55
6/1/2009,96.53
6/2/2009,95.72
6/3/2009,95.72
6/4/2009,96.37
6/5/2009,98.18
6/8/2009,98.56
6/9/2009,97.6
6/10/2009,98.13
6/11/2009,97.83
6/12/2009,98.17
6/15/2009,98.03
6/16/2009,96.26
6/17/2009,95.65
6/18/2009,96.36
6/19/2009,96.15
6/22/2009,95.9
6/23/2009,95.32
6/24/2009,95.38
6/25/2009,96.21
6/26/2009,95.19
6/29/2009,95.84
6/30/2009,96.42
7/1/2009,96.41
7/2/2009,95.9
7/3/2009,95.95
7/6/2009,95
7/7/2009,95.11
7/8/2009,92.9
7/9/2009,92.79
7/10/2009,92.33
7/13/2009,92.74
7/14/2009,93.03
7/15/2009,94.09
7/16/2009,93.59
7/17/2009,94.08
7/20/2009,94.52
7/21/2009,93.36
7/22/2009,93.77
7/23/2009,94.75
7/24/2009,94.86
7/27/2009,95.32
7/28/2009,94.6
7/29/2009,95.13
7/30/2009,95.67
7/31/2009,94.54
8/3/2009,95.23
8/4/2009,95.41
8/5/2009,94.98
8/6/2009,95.56
8/7/2009,97.65
8/10/2009,97.23
8/11/2009,95.94
8/12/2009,96.16
8/13/2009,95.46
8/14/2009,94.64
8/17/2009,94.33
8/18/2009,94.72
8/19/2009,93.87
8/20/2009,94.12
8/21/2009,94.6
8/24/2009,94.47
8/25/2009,94.28
8/26/2009,94.25
8/27/2009,93.57
8/28/2009,93.55
8/31/2009,92.82
9/1/2009,93.09
9/2/2009,92.43
9/3/2009,92.54
9/4/2009,92.75
9/7/2009,.
9/8/2009,92.21
9/9/2009,91.85
9/10/2009,91.86
9/11/2009,90.3
9/14/2009,90.85
9/15/2009,90.95
9/16/2009,91
9/17/2009,91.15
9/18/2009,91.31
9/21/2009,91.87
9/22/2009,91.08
9/23/2009,91.45
9/24/2009,91.16
9/25/2009,89.83
9/28/2009,89.34
9/29/2009,90.26
9/30/2009,89.49
10/1/2009,89.73
10/2/2009,89.62
10/5/2009,89.56
10/6/2009,88.77
10/7/2009,88.76
10/8/2009,88.44
10/9/2009,89.69
10/12/2009,.
10/13/2009,89.71
10/14/2009,89.44
10/15/2009,90.39
10/16/2009,90.73
10/19/2009,90.72
10/20/2009,90.83
10/21/2009,91.04
10/22/2009,91.42
10/23/2009,91.88
10/26/2009,91.96
10/27/2009,92.04
10/28/2009,91.07
10/29/2009,91.41
10/30/2009,90.5
11/2/2009,90.56
11/3/2009,90.3
11/4/2009,90.96
11/5/2009,90.45
11/6/2009,89.86
11/9/2009,89.92
11/10/2009,89.82
11/11/2009,.
11/12/2009,90.4
11/13/2009,89.55
11/16/2009,89.28
11/17/2009,89.41
11/18/2009,89.36
11/19/2009,88.95
11/20/2009,88.9
11/23/2009,89.14
11/24/2009,88.58
11/25/2009,87.65
11/26/2009,.
11/27/2009,86.87
11/30/2009,86.12
12/1/2009,86.62
12/2/2009,87.13
12/3/2009,88.2
12/4/2009,89.87
12/7/2009,89.44
12/8/2009,88.41
12/9/2009,87.83
12/10/2009,88.2
12/11/2009,89.23
12/14/2009,88.65
12/15/2009,89.91
12/16/2009,89.52
12/17/2009,90.35
12/18/2009,90.47
12/21/2009,90.95
12/22/2009,91.67
12/23/2009,91.52
12/24/2009,91.69
12/25/2009,.
12/28/2009,91.57
12/29/2009,91.95
12/30/2009,92.66
12/31/2009,93.08
1/1/2010,.
1/4/2010,92.55
1/5/2010,91.48
1/6/2010,92.53
1/7/2010,93.31
1/8/2010,92.7
1/11/2010,91.9
1/12/2010,90.95
1/13/2010,91.38
1/14/2010,91.03
1/15/2010,90.79
1/18/2010,.
1/19/2010,91.13
1/20/2010,91.23
1/21/2010,90.25
1/22/2010,90.07
1/25/2010,90.12
1/26/2010,89.63
1/27/2010,89.41
1/28/2010,90.08
1/29/2010,90.38
2/1/2010,90.8
2/2/2010,90.39
2/3/2010,91.11
2/4/2010,89.11
2/5/2010,89.25
2/8/2010,89.32
2/9/2010,89.45
2/10/2010,89.88
2/11/2010,89.82
2/12/2010,90
2/15/2010,.
2/16/2010,90.46
2/17/2010,90.79
2/18/2010,91.43
2/19/2010,91.94
2/22/2010,91.11
2/23/2010,90.04
2/24/2010,90.06
2/25/2010,88.85
2/26/2010,88.84
3/1/2010,89.28
3/2/2010,88.95
3/3/2010,88.43
3/4/2010,89.02
3/5/2010,90.32
3/8/2010,90.3
3/9/2010,89.89
3/10/2010,90.62
3/11/2010,90.6
3/12/2010,90.46
3/15/2010,90.45
3/16/2010,90.43
3/17/2010,90.42
3/18/2010,90.46
3/19/2010,90.5
3/22/2010,90.02
3/23/2010,90.24
3/24/2010,91.89
3/25/2010,92.69
3/26/2010,92.56
3/29/2010,92.65
3/30/2010,92.89
3/31/2010,93.4
4/1/2010,93.83
4/2/2010,94.51
4/5/2010,94.28
4/6/2010,93.81
4/7/2010,93.59
4/8/2010,93.16
4/9/2010,93.28
4/12/2010,93.21
4/13/2010,92.78
4/14/2010,93.01
4/15/2010,93.04
4/16/2010,92.03
4/19/2010,92.18
4/20/2010,93.28
4/21/2010,93.24
4/22/2010,93.01
4/23/2010,94.18
4/26/2010,94.06
4/27/2010,93.01
4/28/2010,94.07
4/29/2010,94.16
4/30/2010,94.24
5/3/2010,94.68
5/4/2010,94.58
5/5/2010,94.3
5/6/2010,92.22
5/7/2010,91.67
5/10/2010,93.39
5/11/2010,92.83
5/12/2010,92.93
5/13/2010,92.7
5/14/2010,91.94
5/17/2010,92.08
5/18/2010,92.52
5/19/2010,91.16
5/20/2010,90.07
5/21/2010,90.21
5/24/2010,90.49
5/25/2010,89.89
5/26/2010,90.28
5/27/2010,90.71
5/28/2010,90.81
5/31/2010,.
6/1/2010,91.16
6/2/2010,92.21
6/3/2010,92.33
6/4/2010,91.83
6/7/2010,92
6/8/2010,91.3
6/9/2010,91.54
6/10/2010,91.04
6/11/2010,91.72
6/14/2010,91.8
6/15/2010,91.25
6/16/2010,91.39
6/17/2010,90.92
6/18/2010,90.79
6/21/2010,91.18
6/22/2010,90.59
6/23/2010,89.82
6/24/2010,89.4
6/25/2010,89.35
6/28/2010,89.23
6/29/2010,88.39
6/30/2010,88.49
7/1/2010,87.42
7/2/2010,87.69
7/5/2010,.
7/6/2010,87.55
7/7/2010,87.16
7/8/2010,88.44
7/9/2010,88.48
7/12/2010,88.53
7/13/2010,88.24
7/14/2010,88.59
7/15/2010,87.41
7/16/2010,86.4
7/19/2010,86.77
7/20/2010,87.22
7/21/2010,87.3
7/22/2010,87
7/23/2010,87.31
7/26/2010,87.2
7/27/2010,87.88
7/28/2010,87.62
7/29/2010,86.87
7/30/2010,86.43
8/2/2010,86.42
8/3/2010,85.88
8/4/2010,86.26
8/5/2010,85.83
8/6/2010,85.25
8/9/2010,85.88
8/10/2010,85.88
8/11/2010,85.36
8/12/2010,85.83
8/13/2010,86.2
8/16/2010,85.33
8/17/2010,85.51
8/18/2010,85.31
8/19/2010,85.27
8/20/2010,85.63
8/23/2010,85.16
8/24/2010,84.16
8/25/2010,84.56
8/26/2010,84.61
8/27/2010,85.1
8/30/2010,84.67
8/31/2010,84.1
9/1/2010,84.48
9/2/2010,84.15
9/3/2010,84.45
9/6/2010,.
9/7/2010,83.75
9/8/2010,83.85
9/9/2010,83.83
9/10/2010,84.13
9/13/2010,83.53
9/14/2010,83.05
9/15/2010,85.63
9/16/2010,85.72
9/17/2010,85.77
9/20/2010,85.74
9/21/2010,85.36
9/22/2010,84.37
9/23/2010,84.32
9/24/2010,84.24
9/27/2010,84.17
9/28/2010,83.82
9/29/2010,83.61
9/30/2010,83.53
10/1/2010,83.3
10/4/2010,83.33
10/5/2010,83.17
10/6/2010,82.8
10/7/2010,82.35
10/8/2010,81.86
10/11/2010,.
10/12/2010,81.74
10/13/2010,81.81
10/14/2010,81.44
10/15/2010,81.32
10/18/2010,81.16
10/19/2010,81.6
10/20/2010,81.14
10/21/2010,81.16
10/22/2010,81.48
10/25/2010,80.61
10/26/2010,81.28
10/27/2010,81.55
10/28/2010,80.99
10/29/2010,80.48
11/1/2010,80.66
11/2/2010,80.8
11/3/2010,81.41
11/4/2010,80.61
11/5/2010,81.35
11/8/2010,81.14
11/9/2010,81.15
11/10/2010,82.53
11/11/2010,.
11/12/2010,82.44
11/15/2010,82.9
11/16/2010,83.41
11/17/2010,83.15
11/18/2010,83.64
11/19/2010,83.49
11/22/2010,83.46
11/23/2010,82.86
11/24/2010,83.38
11/25/2010,.
11/26/2010,84.08
11/29/2010,84.34
11/30/2010,83.56
12/1/2010,84
12/2/2010,83.53
12/3/2010,82.73
12/6/2010,82.7
12/7/2010,83.04
12/8/2010,84.16
12/9/2010,83.85
12/10/2010,83.87
12/13/2010,83.57
12/14/2010,83.52
12/15/2010,84.04
12/16/2010,84.23
12/17/2010,84.15
12/20/2010,83.72
12/21/2010,83.76
12/22/2010,83.56
12/23/2010,82.97
12/24/2010,.
12/27/2010,82.91
12/28/2010,82.21
12/29/2010,81.9
12/30/2010,81.67
12/31/2010,.
1/3/2011,81.56
1/4/2011,81.96
1/5/2011,83.22
1/6/2011,83.15
1/7/2011,83.04
1/10/2011,82.78
1/11/2011,83.36
1/12/2011,83.29
1/13/2011,82.72
1/14/2011,82.99
1/17/2011,.
1/18/2011,82.66
1/19/2011,82.03
1/20/2011,83.02
1/21/2011,82.63
1/24/2011,82.44
1/25/2011,82.35
1/26/2011,82.27
1/27/2011,83.03
1/28/2011,82.03
1/31/2011,81.97
2/1/2011,81.48
2/2/2011,81.82
2/3/2011,81.48
2/4/2011,81.99
2/7/2011,82.4
2/8/2011,81.92
2/9/2011,82.47
2/10/2011,83.11
2/11/2011,83.52
2/14/2011,83.32
2/15/2011,83.79
2/16/2011,83.73
2/17/2011,83.25
2/18/2011,83.22
2/21/2011,.
2/22/2011,82.94
2/23/2011,82.39
2/24/2011,81.67
2/25/2011,81.76
2/28/2011,81.94
3/1/2011,81.86
3/2/2011,81.62
3/3/2011,82.41
3/4/2011,82.35
3/7/2011,82.12
3/8/2011,82.69
3/9/2011,82.78
3/10/2011,82.98
3/11/2011,81.77
3/14/2011,81.65
3/15/2011,80.82
3/16/2011,80.17
3/17/2011,78.74
3/18/2011,81.14
3/21/2011,81.11
3/22/2011,81
3/23/2011,80.94
3/24/2011,80.82
3/25/2011,81.12
3/28/2011,81.67
3/29/2011,82.38
3/30/2011,82.98
3/31/2011,82.76
4/1/2011,84.05
4/4/2011,83.98
4/5/2011,84.65
4/6/2011,85.26
4/7/2011,84.98
4/8/2011,84.99
4/11/2011,84.58
4/12/2011,83.79
4/13/2011,83.59
4/14/2011,83.23
4/15/2011,83.13
4/18/2011,82.43
4/19/2011,82.41
4/20/2011,82.58
4/21/2011,81.81
4/22/2011,81.92
4/25/2011,81.93
4/26/2011,81.93
4/27/2011,82.6
4/28/2011,81.57
4/29/2011,81.31
5/2/2011,81.23
5/3/2011,81.02
5/4/2011,80.69
5/5/2011,80.12
5/6/2011,80.51
5/9/2011,80.66
5/10/2011,80.75
5/11/2011,80.78
5/12/2011,80.75
5/13/2011,80.76
5/16/2011,80.82
5/17/2011,81.39
5/18/2011,81.37
5/19/2011,81.78
5/20/2011,81.64
5/23/2011,81.81
5/24/2011,82.12
5/25/2011,81.96
5/26/2011,81.44
5/27/2011,80.75
5/30/2011,.
5/31/2011,81.29
6/1/2011,80.82
6/2/2011,80.98
6/3/2011,80.38
6/6/2011,80.19
6/7/2011,80.21
6/8/2011,79.87
6/9/2011,80.07
6/10/2011,80.26
6/13/2011,80.16
6/14/2011,80.5
6/15/2011,80.71
6/16/2011,80.7
6/17/2011,80.1
6/20/2011,80.26
6/21/2011,80.15
6/22/2011,80.06
6/23/2011,80.45
6/24/2011,80.32
6/27/2011,80.89
6/28/2011,80.85
6/29/2011,80.8
6/30/2011,80.64
7/1/2011,80.81
7/4/2011,.
7/5/2011,81.14
7/6/2011,80.9
7/7/2011,81.26
7/8/2011,80.64
7/11/2011,80.37
7/12/2011,79.53
7/13/2011,78.99
7/14/2011,79.11
7/15/2011,79.03
7/18/2011,79.1
7/19/2011,78.91
7/20/2011,78.76
7/21/2011,78.47
7/22/2011,78.44
7/25/2011,78.31
7/26/2011,78.04
7/27/2011,77.99
7/28/2011,77.87
7/29/2011,77.18
8/1/2011,76.87
8/2/2011,77.13
8/3/2011,76.87
8/4/2011,79.01
8/5/2011,78.48
8/8/2011,77.53
8/9/2011,77.16
8/10/2011,76.41
8/11/2011,76.68
8/12/2011,76.79
8/15/2011,76.73
8/16/2011,76.76
8/17/2011,76.46
8/18/2011,76.52
8/19/2011,76.46
8/22/2011,76.77
8/23/2011,76.59
8/24/2011,76.78
8/25/2011,77.38
8/26/2011,76.62
8/29/2011,76.96
8/30/2011,76.75
8/31/2011,76.5
9/1/2011,76.81
9/2/2011,76.79
9/5/2011,.
9/6/2011,77.48
9/7/2011,77.39
9/8/2011,77.43
9/9/2011,77.31
9/12/2011,77.15
9/13/2011,76.88
9/14/2011,76.71
9/15/2011,76.7
9/16/2011,76.89
9/19/2011,76.48
9/20/2011,76.52
9/21/2011,76.38
9/22/2011,76.31
9/23/2011,76.3
9/26/2011,76.35
9/27/2011,76.6
9/28/2011,76.51
9/29/2011,76.68
9/30/2011,77.04
10/3/2011,76.66
10/4/2011,76.86
10/5/2011,76.86
10/6/2011,76.64
10/7/2011,76.77
10/10/2011,.
10/11/2011,76.66
10/12/2011,77.3
10/13/2011,76.88
10/14/2011,77.36
10/17/2011,76.8
10/18/2011,76.75
10/19/2011,76.79
10/20/2011,76.91
10/21/2011,76.1
10/24/2011,76.1
10/25/2011,75.88
10/26/2011,76.05
10/27/2011,75.8
10/28/2011,75.72
10/31/2011,77.97
11/1/2011,78.28
11/2/2011,78.04
11/3/2011,77.96
11/4/2011,78.17
11/7/2011,78.06
11/8/2011,77.79
11/9/2011,77.77
11/10/2011,77.58
11/11/2011,.
11/14/2011,77.02
11/15/2011,76.99
11/16/2011,77.02
11/17/2011,76.98
11/18/2011,76.93
11/21/2011,76.97
11/22/2011,77.07
11/23/2011,77.41
11/24/2011,.
11/25/2011,77.66
11/28/2011,78.05
11/29/2011,77.86
11/30/2011,77.58
12/1/2011,77.6
12/2/2011,77.88
12/5/2011,77.77
12/6/2011,77.73
12/7/2011,77.69
12/8/2011,77.67
12/9/2011,77.58
12/12/2011,77.87
12/13/2011,77.86
12/14/2011,78.08
12/15/2011,77.87
12/16/2011,77.65
12/19/2011,77.96
12/20/2011,77.76
12/21/2011,78
12/22/2011,78.13
12/23/2011,78.13
12/26/2011,.
12/27/2011,77.83
12/28/2011,77.98
12/29/2011,77.71
12/30/2011,76.98
1/2/2012,.
1/3/2012,76.67
1/4/2012,76.68
1/5/2012,77.18
1/6/2012,77.06
1/9/2012,76.88
1/10/2012,76.84
1/11/2012,76.9
1/12/2012,76.76
1/13/2012,76.9
1/16/2012,.
1/17/2012,76.8
1/18/2012,76.81
1/19/2012,77.23
1/20/2012,76.97
1/23/2012,76.92
1/24/2012,77.78
1/25/2012,78.13
1/26/2012,77.47
1/27/2012,76.68
1/30/2012,76.28
1/31/2012,76.34
2/1/2012,76.11
2/2/2012,76.13
2/3/2012,76.54
2/6/2012,76.54
2/7/2012,76.88
2/8/2012,76.9
2/9/2012,77.42
2/10/2012,77.57
2/13/2012,77.52
2/14/2012,78.39
2/15/2012,78.22
2/16/2012,78.77
2/17/2012,79.33
2/20/2012,.
2/21/2012,79.73
2/22/2012,80.3
2/23/2012,80.21
2/24/2012,80.88
2/27/2012,80.42
2/28/2012,80.44
2/29/2012,81.1
3/1/2012,81.16
3/2/2012,81.56
3/5/2012,81.43
3/6/2012,80.86
3/7/2012,81.06
3/8/2012,81.5
3/9/2012,82.59
3/12/2012,82.21
3/13/2012,82.66
3/14/2012,83.78
3/15/2012,83.28
3/16/2012,83.34
3/19/2012,83.31
3/20/2012,83.62
3/21/2012,83.62
3/22/2012,82.5
3/23/2012,82.35
3/26/2012,82.84
3/27/2012,83.15
3/28/2012,82.74
3/29/2012,82.28
3/30/2012,82.41
4/2/2012,82.16
4/3/2012,82.18
4/4/2012,82.62
4/5/2012,82.33
4/6/2012,81.56
4/9/2012,81.36
4/10/2012,80.94
4/11/2012,80.88
4/12/2012,80.87
4/13/2012,80.99
4/16/2012,80.46
4/17/2012,80.72
4/18/2012,81.29
4/19/2012,81.57
4/20/2012,81.6
4/23/2012,81.16
4/24/2012,81.21
4/25/2012,81.33
4/26/2012,80.78
4/27/2012,80.48
4/30/2012,79.81
5/1/2012,80.17
5/2/2012,80.19
5/3/2012,80.36
5/4/2012,79.84
5/7/2012,79.88
5/8/2012,79.79
5/9/2012,79.64
5/10/2012,79.91
5/11/2012,79.86
5/14/2012,79.83
5/15/2012,80.09
5/16/2012,80.32
5/17/2012,79.26
5/18/2012,79.14
5/21/2012,79.31
5/22/2012,79.98
5/23/2012,79.33
5/24/2012,79.47
5/25/2012,79.64
5/28/2012,.
5/29/2012,79.44
5/30/2012,78.93
5/31/2012,78.29
6/1/2012,78.21
6/4/2012,78.3
6/5/2012,78.57
6/6/2012,79.11
6/7/2012,79.67
6/8/2012,79.47
6/11/2012,79.5
6/12/2012,79.44
6/13/2012,79.35
6/14/2012,79.29
6/15/2012,78.65
6/18/2012,78.95
6/19/2012,78.92
6/20/2012,79.54
6/21/2012,80.18
6/22/2012,80.52
6/25/2012,79.5
6/26/2012,79.46
6/27/2012,79.83
6/28/2012,79.35
6/29/2012,79.81
7/2/2012,79.42
7/3/2012,79.77
7/4/2012,.
7/5/2012,79.95
7/6/2012,79.61
7/9/2012,79.66
7/10/2012,79.44
7/11/2012,79.7
7/12/2012,79.29
7/13/2012,79.2
7/16/2012,78.8
7/17/2012,79.04
7/18/2012,78.79
7/19/2012,78.6
7/20/2012,78.49
7/23/2012,78.38
7/24/2012,78.19
7/25/2012,78.21
7/26/2012,78.24
7/27/2012,78.55
7/30/2012,78.2
7/31/2012,78.1
8/1/2012,78.19
8/2/2012,78.22
8/3/2012,78.6
8/6/2012,78.17
8/7/2012,78.71
8/8/2012,78.44
8/9/2012,78.64
8/10/2012,78.24
8/13/2012,78.34
8/14/2012,78.82
8/15/2012,78.89
8/16/2012,79.25
8/17/2012,79.5
8/20/2012,79.41
8/21/2012,79.43
8/22/2012,79.19
8/23/2012,78.46
8/24/2012,78.65
8/27/2012,78.67
8/28/2012,78.5
8/29/2012,78.72
8/30/2012,78.55
8/31/2012,78.3
9/3/2012,.
9/4/2012,78.35
9/5/2012,78.34
9/6/2012,78.96
9/7/2012,78.14
9/10/2012,78.24
9/11/2012,77.78
9/12/2012,77.86
9/13/2012,77.41
9/14/2012,78.22
9/17/2012,78.68
9/18/2012,78.59
9/19/2012,78.4
9/20/2012,78.3
9/21/2012,78.17
9/24/2012,77.9
9/25/2012,77.91
9/26/2012,77.78
9/27/2012,77.62
9/28/2012,77.92
10/1/2012,78
10/2/2012,78.01
10/3/2012,78.57
10/4/2012,78.44
10/5/2012,78.66
10/8/2012,.
10/9/2012,78.23
10/10/2012,78.26
10/11/2012,78.44
10/12/2012,78.31
10/15/2012,78.76
10/16/2012,78.92
10/17/2012,78.74
10/18/2012,79.24
10/19/2012,79.26
10/22/2012,79.84
10/23/2012,79.79
10/24/2012,79.82
10/25/2012,80.04
10/26/2012,79.63
10/29/2012,79.81
10/30/2012,79.58
10/31/2012,79.94
11/1/2012,80.14
11/2/2012,80.53
11/5/2012,80.17
11/6/2012,80.28
11/7/2012,79.85
11/8/2012,79.74
11/9/2012,79.46
11/12/2012,.
11/13/2012,79.42
11/14/2012,80.2
11/15/2012,81.16
11/16/2012,81.28
11/19/2012,81.18
11/20/2012,81.72
11/21/2012,82.36
11/22/2012,.
11/23/2012,82.34
11/26/2012,82.11
11/27/2012,82.23
11/28/2012,81.84
11/29/2012,82.06
11/30/2012,82.54
12/3/2012,82.24
12/4/2012,81.86
12/5/2012,82.4
12/6/2012,82.29
12/7/2012,82.37
12/10/2012,82.37
12/11/2012,82.42
12/12/2012,83.1
12/13/2012,83.54
12/14/2012,83.52
12/17/2012,83.7
12/18/2012,84
12/19/2012,84.32
12/20/2012,84.33
12/21/2012,84.1
12/24/2012,84.81
12/25/2012,.
12/26/2012,85.62
12/27/2012,86.06
12/28/2012,86.12
12/31/2012,86.64
1/1/2013,.
1/2/2013,87.1
1/3/2013,86.92
1/4/2013,88.14
1/7/2013,87.68
1/8/2013,87.31
1/9/2013,87.9
1/10/2013,88.16
1/11/2013,89.22
1/14/2013,89.34
1/15/2013,88.65
1/16/2013,88.64
1/17/2013,89.41
1/18/2013,89.9
1/21/2013,.
1/22/2013,88.62
1/23/2013,88.44
1/24/2013,90.04
1/25/2013,91.04
1/28/2013,90.73
1/29/2013,90.65
1/30/2013,91.05
1/31/2013,91.28
2/1/2013,92.54
2/4/2013,92.57
2/5/2013,93.34
2/6/2013,93.56
2/7/2013,93.24
2/8/2013,92.72
2/11/2013,93.44
2/12/2013,93.14
2/13/2013,93.39
2/14/2013,93.1
2/15/2013,93.64
2/18/2013,.
2/19/2013,93.54
2/20/2013,93.53
2/21/2013,92.96
2/22/2013,93.35
2/25/2013,93.35
2/26/2013,91.38
2/27/2013,91.88
2/28/2013,92.36
3/1/2013,93.38
3/4/2013,93.32
3/5/2013,93.39
3/6/2013,93.64
3/7/2013,95
3/8/2013,96
3/11/2013,96.12
3/12/2013,95.96
3/13/2013,96
3/14/2013,96.16
3/15/2013,95.26
3/18/2013,94.92
3/19/2013,94.85
3/20/2013,95.51
3/21/2013,95.06
3/22/2013,94.48
3/25/2013,94.34
3/26/2013,94.22
3/27/2013,94.38
3/28/2013,94.02
3/29/2013,94.16
4/1/2013,93.3
4/2/2013,93.43
4/3/2013,92.96
4/4/2013,96.12
4/5/2013,96.86
4/8/2013,98.9
4/9/2013,99.02
4/10/2013,99.61
4/11/2013,99.42
4/12/2013,98.98
4/15/2013,98
4/16/2013,97.86
4/17/2013,97.74
4/18/2013,98.22
4/19/2013,99.28
4/22/2013,99.29
4/23/2013,99.43
4/24/2013,99.39
4/25/2013,99.42
4/26/2013,97.84
4/29/2013,98.09
4/30/2013,97.52
5/1/2013,97.28
5/2/2013,97.96
5/3/2013,99.1
5/6/2013,99.35
5/7/2013,99
5/8/2013,98.9
5/9/2013,99.29
5/10/2013,101.74
5/13/2013,101.84
5/14/2013,102.18
5/15/2013,102.44
5/16/2013,102.22
5/17/2013,102.98
5/20/2013,102.54
5/21/2013,102.36
5/22/2013,103.52
5/23/2013,101.66
5/24/2013,100.98
5/27/2013,.
5/28/2013,102.07
5/29/2013,100.91
5/30/2013,101.06
5/31/2013,100.83
6/3/2013,99.18
6/4/2013,100.15
6/5/2013,99.16
6/6/2013,97.76
6/7/2013,97.2
6/10/2013,98.88
6/11/2013,96.82
6/12/2013,95.36
6/13/2013,94.29
6/14/2013,94.34
6/17/2013,94.87
6/18/2013,95.2
6/19/2013,95.22
6/20/2013,98.18
6/21/2013,97.48
6/24/2013,97.7
6/25/2013,97.87
6/26/2013,97.43
6/27/2013,98.4
6/28/2013,99.21
7/1/2013,99.62
7/2/2013,100.43
7/3/2013,99.82
7/4/2013,.
7/5/2013,100.94
7/8/2013,101.07
7/9/2013,101.08
7/10/2013,100.1
7/11/2013,98.8
7/12/2013,99.39
7/15/2013,100.04
7/16/2013,99.37
7/17/2013,99.7
7/18/2013,100.6
7/19/2013,100.3
7/22/2013,99.6
7/23/2013,99.76
7/24/2013,100.21
7/25/2013,99.56
7/26/2013,98.24
7/29/2013,97.8
7/30/2013,98.02
7/31/2013,98.35
8/1/2013,99.3
8/2/2013,99.04
8/5/2013,98.54
8/6/2013,97.85
8/7/2013,96.72
8/8/2013,96.03
8/9/2013,96.24
8/12/2013,96.44
8/13/2013,98.06
8/14/2013,98.15
8/15/2013,97.81
8/16/2013,97.6
8/19/2013,97.94
8/20/2013,97.12
8/21/2013,97.66
8/22/2013,98.53
8/23/2013,98.57
8/26/2013,98.64
8/27/2013,97.3
8/28/2013,97.65
8/29/2013,98.46
8/30/2013,98.22
9/2/2013,.
9/3/2013,99.43
9/4/2013,99.61
9/5/2013,100.08
9/6/2013,99.04
9/9/2013,99.55
9/10/2013,100.22
9/11/2013,100.08
9/12/2013,99.24
9/13/2013,99.38
9/16/2013,98.98
9/17/2013,99.16
9/18/2013,99.04
9/19/2013,99.33
9/20/2013,99.38
9/23/2013,98.76
9/24/2013,98.76
9/25/2013,98.62
9/26/2013,98.95
9/27/2013,98.3
9/30/2013,98.29
10/1/2013,98.05
10/2/2013,97.36
10/3/2013,97.08
10/4/2013,97.2
10/7/2013,97.02
10/8/2013,96.94
10/9/2013,97.23
10/10/2013,98.09
10/11/2013,98.42
10/14/2013,.
10/15/2013,98.58
10/16/2013,98.9
10/17/2013,97.85
10/18/2013,97.77
10/21/2013,98.14
10/22/2013,98.18
10/23/2013,97.28
10/24/2013,97.36
10/25/2013,97.46
10/28/2013,97.7
10/29/2013,98.09
10/30/2013,98.14
10/31/2013,98.1
11/1/2013,98.78
11/4/2013,98.62
11/5/2013,98.6
11/6/2013,98.6
11/7/2013,98.56
11/8/2013,99.03
11/11/2013,.
11/12/2013,99.65
11/13/2013,99.31
11/14/2013,99.93
11/15/2013,100.17
11/18/2013,100.04
11/19/2013,100.14
11/20/2013,100.02
11/21/2013,100.95
11/22/2013,101.29
11/25/2013,101.7
11/26/2013,101.38
11/27/2013,102.18
11/28/2013,.
11/29/2013,102.45
12/2/2013,103.04
12/3/2013,102.36
12/4/2013,102.48
12/5/2013,101.82
12/6/2013,102.88
12/9/2013,103.22
12/10/2013,102.8
12/11/2013,102.38
12/12/2013,103.11
12/13/2013,103.28
12/16/2013,102.91
12/17/2013,102.63
12/18/2013,103.18
12/19/2013,104.16
12/20/2013,104.07
12/23/2013,104.06
12/24/2013,104.26
12/25/2013,.
12/26/2013,104.72
12/27/2013,105.05
12/30/2013,105
12/31/2013,105.25
1/1/2014,.
1/2/2014,104.84
1/3/2014,104.46
1/6/2014,104.38
1/7/2014,104.54
1/8/2014,104.87
1/9/2014,104.74
1/10/2014,104.06
1/13/2014,103.31
1/14/2014,103.8
1/15/2014,104.42
1/16/2014,104.32
1/17/2014,104.32
1/20/2014,.
1/21/2014,104.14
1/22/2014,104.36
1/23/2014,103.65
1/24/2014,102.41
1/27/2014,102.26
1/28/2014,102.8
1/29/2014,102.2
1/30/2014,102.83
1/31/2014,102.28
2/3/2014,101.11
2/4/2014,101.62
2/5/2014,101.38
2/6/2014,101.84
2/7/2014,102.32
2/10/2014,102.14
2/11/2014,102.63
2/12/2014,102.48
2/13/2014,102.2
2/14/2014,101.82
2/17/2014,.
2/18/2014,102.31
2/19/2014,102.3
2/20/2014,102.32
2/21/2014,102.71
2/24/2014,102.44
2/25/2014,102.2
2/26/2014,102.36
2/27/2014,102.12
2/28/2014,102.08
3/3/2014,101.36
3/4/2014,102.18
3/5/2014,102.32
3/6/2014,103.03
3/7/2014,103.38
3/10/2014,103.23
3/11/2014,103.18
3/12/2014,102.74
3/13/2014,102.12
3/14/2014,101.46
3/17/2014,101.62
3/18/2014,101.37
3/19/2014,101.54
3/20/2014,102.39
3/21/2014,102.38
3/24/2014,102.21
3/25/2014,102.32
3/26/2014,102.3
3/27/2014,102.1
3/28/2014,102.92
3/31/2014,102.98
4/1/2014,103.52
4/2/2014,103.82
4/3/2014,103.94
4/4/2014,103.39
4/7/2014,103.04
4/8/2014,102.12
4/9/2014,101.85
4/10/2014,101.43
4/11/2014,101.56
4/14/2014,101.81
4/15/2014,101.6
4/16/2014,102.3
4/17/2014,102.22
4/18/2014,102.43
4/21/2014,102.56
4/22/2014,102.6
4/23/2014,102.26
4/24/2014,102.34
4/25/2014,102.12
4/28/2014,102.46
4/29/2014,102.57
4/30/2014,102.14
5/1/2014,102.3
5/2/2014,102.34
5/5/2014,102.06
5/6/2014,101.57
5/7/2014,101.72
5/8/2014,101.66
5/9/2014,101.74
5/12/2014,102.1
5/13/2014,102.2
5/14/2014,101.75
5/15/2014,101.44
5/16/2014,101.5
5/19/2014,101.26
5/20/2014,101.26
5/21/2014,101.44
5/22/2014,101.76
5/23/2014,101.88
5/26/2014,.
5/27/2014,102.14
5/28/2014,101.78
5/29/2014,101.58
5/30/2014,101.77
6/2/2014,102.3
6/3/2014,102.42
6/4/2014,102.69
6/5/2014,102.44
6/6/2014,102.5
6/9/2014,102.52
6/10/2014,102.37
6/11/2014,101.94
6/12/2014,101.83
6/13/2014,102.06
6/16/2014,101.82
6/17/2014,102.18
6/18/2014,102.16
6/19/2014,101.84
6/20/2014,102.14
6/23/2014,101.9
6/24/2014,102.13
6/25/2014,101.75
6/26/2014,101.66
6/27/2014,101.39
6/30/2014,101.28
7/1/2014,101.51
7/2/2014,101.76
7/3/2014,102.19
7/4/2014,.
7/7/2014,101.84
7/8/2014,101.53
7/9/2014,101.7
7/10/2014,101.26
7/11/2014,101.33
7/14/2014,101.58
7/15/2014,101.62
7/16/2014,101.69
7/17/2014,101.3
7/18/2014,101.37
7/21/2014,101.34
7/22/2014,101.54
7/23/2014,101.5
7/24/2014,101.82
7/25/2014,101.81
7/28/2014,101.82
7/29/2014,102.12
7/30/2014,102.9
7/31/2014,102.75
8/1/2014,102.45
8/4/2014,102.47
8/5/2014,102.77
8/6/2014,102.34
8/7/2014,102.06
8/8/2014,101.91
8/11/2014,102.14
8/12/2014,102.22
8/13/2014,102.48
8/14/2014,102.44
8/15/2014,102.19
8/18/2014,102.54
8/19/2014,102.86
8/20/2014,103.36
8/21/2014,103.78
8/22/2014,103.97
8/25/2014,103.96
8/26/2014,104.12
8/27/2014,103.98
8/28/2014,103.78
8/29/2014,104
9/1/2014,.
9/2/2014,105.1
9/3/2014,104.88
9/4/2014,105.22
9/5/2014,104.94
9/8/2014,105.65
9/9/2014,106.32
9/10/2014,106.76
9/11/2014,106.87
9/12/2014,107.24
9/15/2014,107.18
9/16/2014,106.91
9/17/2014,107.58
9/18/2014,108.69
9/19/2014,108.96
9/22/2014,108.88
9/23/2014,108.82
9/24/2014,108.92
9/25/2014,108.7
9/26/2014,109.32
9/29/2014,109.34
9/30/2014,109.66
10/1/2014,109.3
10/2/2014,108.1
10/3/2014,109.7
10/6/2014,109.08
10/7/2014,108.3
10/8/2014,108.41
10/9/2014,108
10/10/2014,107.83
10/13/2014,.
10/14/2014,107.15
10/15/2014,106.06
10/16/2014,105.98
10/17/2014,106.72
10/20/2014,106.87
10/21/2014,106.7
10/22/2014,107.32
10/23/2014,108.16
10/24/2014,108.06
10/27/2014,107.71
10/28/2014,108
10/29/2014,108.1
10/30/2014,108.94
10/31/2014,112.09
11/3/2014,113.92
11/4/2014,113.44
11/5/2014,114.62
11/6/2014,114.87
11/7/2014,114.73
11/10/2014,114.78
11/11/2014,.
11/12/2014,115.42
11/13/2014,115.63
11/14/2014,116.52
11/17/2014,116.44
11/18/2014,116.76
11/19/2014,117.7
11/20/2014,118.14
11/21/2014,117.74
11/24/2014,118.39
11/25/2014,117.99
11/26/2014,117.6
11/27/2014,.
11/28/2014,118.7
12/1/2014,118.14
12/2/2014,119.1
12/3/2014,119.82
12/4/2014,119.67
12/5/2014,121.38
12/8/2014,120.89
12/9/2014,118.87
12/10/2014,118.5
12/11/2014,119.4
12/12/2014,118.22
12/15/2014,117.75
12/16/2014,117.28
12/17/2014,117.64
12/18/2014,118.84
12/19/2014,119.56
12/22/2014,119.84
12/23/2014,120.68
12/24/2014,120.45
12/25/2014,.
12/26/2014,.
12/29/2014,120.57
12/30/2014,119.34
12/31/2014,119.85
1/1/2015,.
1/2/2015,120.2
1/5/2015,119.64
1/6/2015,118.26
1/7/2015,119.52
1/8/2015,119.51
1/9/2015,118.66
1/12/2015,118.32
1/13/2015,118.16
1/14/2015,116.78
1/15/2015,116.95
1/16/2015,117.45
1/19/2015,.
1/20/2015,118.48
1/21/2015,117.86
1/22/2015,117.92
1/23/2015,117.8
1/26/2015,118.38
1/27/2015,117.62
1/28/2015,117.74
1/29/2015,118.31
1/30/2015,117.44
2/2/2015,117.33
2/3/2015,117.48
2/4/2015,117.58
2/5/2015,117.4
2/6/2015,119.16
2/9/2015,118.7
2/10/2015,119.32
2/11/2015,120.38
2/12/2015,118.72
2/13/2015,118.7
2/16/2015,.
2/17/2015,118.99
2/18/2015,119.19
2/19/2015,118.84
2/20/2015,118.68
2/23/2015,118.88
2/24/2015,119.13
2/25/2015,118.88
2/26/2015,119.36
2/27/2015,119.72
3/2/2015,120.06
3/3/2015,119.47
3/4/2015,119.76
3/5/2015,120.22
3/6/2015,120.93
3/9/2015,121.17
3/10/2015,121.2
3/11/2015,121.5
3/12/2015,121.28
3/13/2015,121.17
3/16/2015,121.3
3/17/2015,121.28
3/18/2015,120.92
3/19/2015,120.9
3/20/2015,120.28
3/23/2015,119.74
3/24/2015,119.9
3/25/2015,119.37
3/26/2015,119.01
3/27/2015,119.15
3/30/2015,120.11
3/31/2015,119.96
4/1/2015,119.62
4/2/2015,119.74
4/3/2015,118.96
4/6/2015,119.05
4/7/2015,120.36
4/8/2015,119.96
4/9/2015,120.32
4/10/2015,120.29
4/13/2015,120.32
4/14/2015,119.26
4/15/2015,119.23
4/16/2015,119.18
4/17/2015,119.02
4/20/2015,119.27
4/21/2015,119.45
4/22/2015,119.9
4/23/2015,119.69
4/24/2015,118.98
4/27/2015,119.12
4/28/2015,118.8
4/29/2015,118.83
4/30/2015,119.86
5/1/2015,120.21
5/4/2015,120.25
5/5/2015,119.87
5/6/2015,119.42
5/7/2015,119.74
5/8/2015,119.78
5/11/2015,120.05
5/12/2015,119.8
5/13/2015,119.09
5/14/2015,119.2
5/15/2015,119.36
5/18/2015,119.82
5/19/2015,120.58
5/20/2015,121.28
5/21/2015,121.06
5/22/2015,121.45
5/25/2015,.
5/26/2015,123.08
5/27/2015,123.76
5/28/2015,124.18
5/29/2015,123.98
6/1/2015,124.64
6/2/2015,124.19
6/3/2015,124.06
6/4/2015,124.56
6/5/2015,125.58
6/8/2015,125.08
6/9/2015,124.16
6/10/2015,122.72
6/11/2015,123.62
6/12/2015,123.23
6/15/2015,123.38
6/16/2015,123.39
6/17/2015,124.25
6/18/2015,122.87
6/19/2015,122.7
6/22/2015,123.28
6/23/2015,123.71
6/24/2015,124.24
6/25/2015,123.63
6/26/2015,123.92
6/29/2015,122.5
6/30/2015,122.1
7/1/2015,123.02
7/2/2015,123.14
7/3/2015,.
7/6/2015,122.53
7/7/2015,122.16
7/8/2015,120.54
7/9/2015,121.22
7/10/2015,122.75
7/13/2015,123.35
7/14/2015,123.39
7/15/2015,123.89
7/16/2015,124.04
7/17/2015,124
7/20/2015,124.24
7/21/2015,123.93
7/22/2015,124.08
7/23/2015,123.88
7/24/2015,123.74
7/27/2015,123.24
7/28/2015,123.52
7/29/2015,123.86
7/30/2015,124.38
7/31/2015,123.94
8/3/2015,123.98
8/4/2015,124
8/5/2015,124.84
8/6/2015,124.6
8/7/2015,124.27
8/10/2015,124.55
8/11/2015,124.9
8/12/2015,123.87
8/13/2015,124.32
8/14/2015,124.27
8/17/2015,124.33
8/18/2015,124.39
8/19/2015,124.1
8/20/2015,123.54
8/21/2015,122.11
8/24/2015,118.56
8/25/2015,119.91
8/26/2015,119.07
8/27/2015,120.89
8/28/2015,121.32
8/31/2015,121.26
9/1/2015,119.94
9/2/2015,120
9/3/2015,120.2
9/4/2015,119.05
9/7/2015,.
9/8/2015,119.72
9/9/2015,120.94
9/10/2015,120.71
9/11/2015,120.66
9/14/2015,119.92
9/15/2015,120.3
9/16/2015,120.62
9/17/2015,120.9
9/18/2015,119.85
9/21/2015,120.46
9/22/2015,120.04
9/23/2015,120.12
9/24/2015,119.54
9/25/2015,120.74
9/28/2015,119.82
9/29/2015,119.76
9/30/2015,119.81
10/1/2015,119.58
10/2/2015,119.42
10/5/2015,120.36
10/6/2015,120.18
10/7/2015,119.9
10/8/2015,119.94
10/9/2015,120.3
10/12/2015,.
10/13/2015,119.8
10/14/2015,119.21
10/15/2015,118.26
10/16/2015,119.6
10/19/2015,119.5
10/20/2015,119.79
10/21/2015,119.91
10/22/2015,120.5
10/23/2015,121.2
10/26/2015,120.87
10/27/2015,120.29
10/28/2015,120.56
10/29/2015,121.14
10/30/2015,120.7
11/2/2015,120.7
11/3/2015,121.2
11/4/2015,121.52
11/5/2015,121.71
11/6/2015,123.2
11/9/2015,123.04
11/10/2015,123.22
11/11/2015,.
11/12/2015,122.84
11/13/2015,122.93
11/16/2015,123.11
11/17/2015,123.48
11/18/2015,123.51
11/19/2015,122.71
11/20/2015,122.8
11/23/2015,123.02
11/24/2015,122.47
11/25/2015,122.7
11/26/2015,.
11/27/2015,122.84
11/30/2015,123.22
12/1/2015,122.88
12/2/2015,123.52
12/3/2015,123.06
12/4/2015,123.1
12/7/2015,123.31
12/8/2015,123
12/9/2015,121.86
12/10/2015,121.44
12/11/2015,120.94
12/14/2015,120.57
12/15/2015,121.66
12/16/2015,121.88
12/17/2015,122.75
12/18/2015,121.2
12/21/2015,120.99
12/22/2015,120.94
12/23/2015,120.94
12/24/2015,120.32
12/25/2015,.
12/28/2015,120.3
12/29/2015,120.44
12/30/2015,120.6
12/31/2015,120.27
1/1/2016,.
1/4/2016,119.3
1/5/2016,118.95
1/6/2016,118.54
1/7/2016,118
1/8/2016,117.74
1/11/2016,117.48
1/12/2016,117.78
1/13/2016,118.06
1/14/2016,118.03
1/15/2016,116.78
1/18/2016,.
1/19/2016,117.66
1/20/2016,116.38
1/21/2016,117.61
1/22/2016,118.37
1/25/2016,118.55
1/26/2016,118.5
1/27/2016,118.9
1/28/2016,118.61
1/29/2016,121.05
2/1/2016,121.06
2/2/2016,120.27
2/3/2016,117.92
2/4/2016,116.75
2/5/2016,116.99
2/8/2016,115.7
2/9/2016,114.8
2/10/2016,114.03
2/11/2016,111.72
2/12/2016,112.96
2/15/2016,.
2/16/2016,113.9
2/17/2016,114.14
2/18/2016,113.62
2/19/2016,112.42
2/22/2016,113.12
2/23/2016,112.17
2/24/2016,111.36
2/25/2016,112.7
2/26/2016,113.78
2/29/2016,112.9
3/1/2016,113.94
3/2/2016,113.81
3/3/2016,113.53
3/4/2016,113.91
3/7/2016,113.6
3/8/2016,112.58
3/9/2016,113.06
3/10/2016,113.1
3/11/2016,113.66
3/14/2016,113.59
3/15/2016,112.88
3/16/2016,113.69
3/17/2016,111.3
3/18/2016,111.38
3/21/2016,111.62
3/22/2016,111.82
3/23/2016,112.63
3/24/2016,112.64
3/25/2016,113.05
3/28/2016,113.29
3/29/2016,113.33
3/30/2016,112.6
3/31/2016,112.42
4/1/2016,112.06
4/4/2016,111.18
4/5/2016,110.26
4/6/2016,109.63
4/7/2016,107.98
4/8/2016,108.36
4/11/2016,107.96
4/12/2016,108.54
4/13/2016,109.21
4/14/2016,109.2
4/15/2016,108.76
4/18/2016,108.85
4/19/2016,109.16
4/20/2016,109.51
4/21/2016,109.41
4/22/2016,111.5
4/25/2016,111.08
4/26/2016,111.23
4/27/2016,111.26
4/28/2016,108.55
4/29/2016,106.9
5/2/2016,106.48
5/3/2016,106.34
5/4/2016,107.12
5/5/2016,107.32
5/6/2016,106.66
5/9/2016,108.39
5/10/2016,109.22
5/11/2016,108.48
5/12/2016,108.73
5/13/2016,109.14
5/16/2016,108.89
5/17/2016,109.02
5/18/2016,109.65
5/19/2016,109.81
5/20/2016,110.52
5/23/2016,109.47
5/24/2016,110
5/25/2016,110.22
5/26/2016,109.74
5/27/2016,109.86
5/30/2016,.
5/31/2016,110.75
6/1/2016,109.55
6/2/2016,108.75
6/3/2016,106.88
6/6/2016,107.33
6/7/2016,107.3
6/8/2016,106.68
6/9/2016,106.54
6/10/2016,107.06
6/13/2016,106.07
6/14/2016,106.02
6/15/2016,105.87
6/16/2016,104.05
6/17/2016,104.2
6/20/2016,104.32
6/21/2016,104.56
6/22/2016,104.56
6/23/2016,105.9
6/24/2016,102.26
6/27/2016,101.66
6/28/2016,102.71
6/29/2016,102.68
6/30/2016,102.77
7/1/2016,102.55
7/4/2016,.
7/5/2016,101.58
7/6/2016,101.12
7/7/2016,100.74
7/8/2016,100.65
7/11/2016,102.66
7/12/2016,104.72
7/13/2016,104.1
7/14/2016,105.4
7/15/2016,105.64
7/18/2016,106
7/19/2016,106.13
7/20/2016,106.65
7/21/2016,105.98
7/22/2016,106.22
7/25/2016,106.02
7/26/2016,104.83
7/27/2016,105.65
7/28/2016,104.86
7/29/2016,102.32
8/1/2016,102.26
8/2/2016,100.82
8/3/2016,101.34
8/4/2016,101.08
8/5/2016,101.74
8/8/2016,102.53
8/9/2016,101.96
8/10/2016,101.27
8/11/2016,101.46
8/12/2016,101.01
8/15/2016,101.02
8/16/2016,100.28
8/17/2016,100.24
8/18/2016,100.07
8/19/2016,100.24
8/22/2016,100.25
8/23/2016,100.2
8/24/2016,100.5
8/25/2016,100.58
8/26/2016,101.2
8/29/2016,102.13
8/30/2016,102.92
8/31/2016,103.38
9/1/2016,103.22
9/2/2016,104.18
9/5/2016,.
9/6/2016,102.28
9/7/2016,101.72
9/8/2016,102.28
9/9/2016,102.86
9/12/2016,101.96
9/13/2016,102.14
9/14/2016,102.33
9/15/2016,102.24
9/16/2016,102.36
9/19/2016,101.82
9/20/2016,101.66
9/21/2016,100.62
9/22/2016,100.8
9/23/2016,101.04
9/26/2016,100.34
9/27/2016,100.36
9/28/2016,100.57
9/29/2016,101.48
9/30/2016,101.21
10/3/2016,101.54
10/4/2016,102.66
10/5/2016,103.53
10/6/2016,104.02
10/7/2016,103.42
10/10/2016,.
10/11/2016,103.36
10/12/2016,104.48
10/13/2016,103.62
10/14/2016,104.1
10/17/2016,103.96
10/18/2016,103.8
10/19/2016,103.3
10/20/2016,103.92
10/21/2016,103.96
10/24/2016,104.2
10/25/2016,104.25
10/26/2016,104.42
10/27/2016,105.14
10/28/2016,105.4
10/31/2016,105.07
11/1/2016,104.59
11/2/2016,103.22
11/3/2016,103.17
11/4/2016,103.02
11/7/2016,104.6
11/8/2016,104.98
11/9/2016,104.84
11/10/2016,106.56
11/11/2016,.
11/14/2016,108.3
11/15/2016,108.94
11/16/2016,109.16
11/17/2016,109.64
11/18/2016,110.51
11/21/2016,111.12
11/22/2016,110.98
11/23/2016,112.58
11/24/2016,.
11/25/2016,113.17
11/28/2016,112.36
11/29/2016,112.78
11/30/2016,114.34
12/1/2016,114.34
12/2/2016,113.76
12/5/2016,114.1
12/6/2016,113.98
12/7/2016,113.5
12/8/2016,114.16
12/9/2016,115.17
12/12/2016,115.34
12/13/2016,115.26
12/14/2016,115.06
12/15/2016,118.32
12/16/2016,117.74
12/19/2016,116.6
12/20/2016,117.86
12/21/2016,117.79
12/22/2016,117.48
12/23/2016,117.22
12/26/2016,.
12/27/2016,117.52
12/28/2016,117.66
12/29/2016,116.32
12/30/2016,116.78
1/2/2017,.
1/3/2017,117.68
1/4/2017,117.38
1/5/2017,115.46
1/6/2017,116.85
1/9/2017,116.07
1/10/2017,115.74
1/11/2017,116.26
1/12/2017,113.87
1/13/2017,115.03
1/16/2017,.
1/17/2017,112.96
1/18/2017,113.4
1/19/2017,115.3
1/20/2017,.
1/23/2017,112.9
1/24/2017,113.63
1/25/2017,113.6
1/26/2017,114.7
1/27/2017,115.16
1/30/2017,113.86
1/31/2017,112.72
2/1/2017,113.29
2/2/2017,112.48
2/3/2017,112.42
2/6/2017,112.32
2/7/2017,112.14
2/8/2017,111.74
2/9/2017,113.24
2/10/2017,113.22
2/13/2017,113.79
2/14/2017,114.34
2/15/2017,114.17
2/16/2017,113.36
2/17/2017,112.86
2/20/2017,.
2/21/2017,113.48
2/22/2017,113.46
2/23/2017,112.68
2/24/2017,112.26
2/27/2017,112.01
2/28/2017,112.06
3/1/2017,113.66
3/2/2017,114.45
3/3/2017,114.6
3/6/2017,113.92
3/7/2017,113.99
3/8/2017,114.58
3/9/2017,114.71
3/10/2017,115.02
3/13/2017,114.61
3/14/2017,114.63
3/15/2017,114.66
3/16/2017,113.02
3/17/2017,112.67
3/20/2017,112.59
3/21/2017,111.9
3/22/2017,111.06
3/23/2017,111.12
3/24/2017,111.03
3/27/2017,110.48
3/28/2017,110.56
3/29/2017,111.05
3/30/2017,111.36
3/31/2017,111.41
4/3/2017,110.96
4/4/2017,110.74
4/5/2017,111.2
4/6/2017,111.02
4/7/2017,110.76
4/10/2017,110.95
4/11/2017,109.74
4/12/2017,109.54
4/13/2017,109.23
4/14/2017,108.63
4/17/2017,108.46
4/18/2017,108.4
4/19/2017,109.06
4/20/2017,109.34
4/21/2017,109.08
4/24/2017,109.74
4/25/2017,110.88
4/26/2017,111.52
4/27/2017,111.13
4/28/2017,111.44
5/1/2017,111.78
5/2/2017,112.06
5/3/2017,112.34
5/4/2017,112.7
5/5/2017,112.63
5/8/2017,112.84
5/9/2017,114.19
5/10/2017,114.02
5/11/2017,113.77
5/12/2017,113.3
5/15/2017,113.54
5/16/2017,113.24
5/17/2017,111.46
5/18/2017,110.82
5/19/2017,111.47
5/22/2017,111.15
5/23/2017,111.64
5/24/2017,112.02
5/25/2017,111.7
5/26/2017,111.3
5/29/2017,.
5/30/2017,110.68
5/31/2017,110.71
6/1/2017,111.24
6/2/2017,110.49
6/5/2017,110.49
6/6/2017,109.34
6/7/2017,109.54
6/8/2017,110.1
6/9/2017,110.61
6/12/2017,109.72
6/13/2017,110.12
6/14/2017,109.16
6/15/2017,110.66
6/16/2017,110.84
6/19/2017,111.34
6/20/2017,111.46
6/21/2017,111.58
6/22/2017,111.36
6/23/2017,111.26
6/26/2017,111.48
6/27/2017,112.42
6/28/2017,112.18
6/29/2017,112.32
6/30/2017,112.4
7/3/2017,113.32
7/4/2017,.
7/5/2017,113.2
7/6/2017,113.28
7/7/2017,114.1
7/10/2017,114.08
7/11/2017,114.2
7/12/2017,113.19
7/13/2017,113.39
7/14/2017,112.66
7/17/2017,112.76
7/18/2017,111.89
7/19/2017,111.77
7/20/2017,111.68
7/21/2017,111.18
7/24/2017,111.1
7/25/2017,111.57
7/26/2017,112.1
7/27/2017,111.62
7/28/2017,110.87
7/31/2017,110.38
8/1/2017,110.33
8/2/2017,110.43
8/3/2017,110.12
8/4/2017,110.76
8/7/2017,110.76
8/8/2017,110.74
8/9/2017,110.04
8/10/2017,109.37
8/11/2017,109.06
8/14/2017,109.48
8/15/2017,110.42
8/16/2017,110.8
8/17/2017,109.88
8/18/2017,109.32
8/21/2017,108.89
8/22/2017,109.4
8/23/2017,109.14
8/24/2017,109.34
8/25/2017,109.24
8/28/2017,109.22
8/29/2017,109.02
8/30/2017,110.2
8/31/2017,110.06
9/1/2017,110.09
9/4/2017,.
9/5/2017,108.94
9/6/2017,108.75
9/7/2017,108.26
9/8/2017,107.72
9/11/2017,109.03
9/12/2017,110.01
9/13/2017,110.58
9/14/2017,110.66
9/15/2017,110.84
9/18/2017,111.48
9/19/2017,111.49
9/20/2017,111.5
9/21/2017,112.3
9/22/2017,112.01
9/25/2017,111.64
9/26/2017,112.16
9/27/2017,112.76
9/28/2017,112.66
9/29/2017,112.64
10/2/2017,112.6
10/3/2017,112.8
10/4/2017,112.84
10/5/2017,112.74
10/6/2017,112.68
10/9/2017,.
10/10/2017,112.15
10/11/2017,112.35
10/12/2017,112.38
10/13/2017,111.94
10/16/2017,111.72
10/17/2017,112.32
10/18/2017,112.94
10/19/2017,112.54
10/20/2017,113.5
10/23/2017,113.66
10/24/2017,113.92
10/25/2017,113.7
10/26/2017,113.72
10/27/2017,113.82
10/30/2017,113.26
10/31/2017,113.63
11/1/2017,114.04
11/2/2017,113.84
11/3/2017,114.25
11/6/2017,113.9
11/7/2017,113.9
11/8/2017,113.62
11/9/2017,113.4
11/10/2017,.
11/13/2017,113.62
11/14/2017,113.5
11/15/2017,113.15
11/16/2017,112.89
11/17/2017,111.98
11/20/2017,112.49
11/21/2017,112.46
11/22/2017,111.62
11/23/2017,.
11/24/2017,111.54
11/27/2017,111
11/28/2017,111.13
11/29/2017,111.75
11/30/2017,112.3
12/1/2017,111.88
12/4/2017,112.8
12/5/2017,112.76
12/6/2017,112.32
12/7/2017,112.7
12/8/2017,113.55
12/11/2017,113.34
12/12/2017,113.62
12/13/2017,113.19
12/14/2017,112.56
12/15/2017,112.68
12/18/2017,112.4
12/19/2017,112.98
12/20/2017,113.29
12/21/2017,113.42
12/22/2017,113.3
12/25/2017,.
12/26/2017,113.2
12/27/2017,113.28
12/28/2017,112.85
12/29/2017,112.69
1/1/2018,.
1/2/2018,112.18
1/3/2018,112.28
1/4/2018,112.78
1/5/2018,113.18
1/8/2018,113.08
1/9/2018,112.57
1/10/2018,111.48
1/11/2018,111.35
1/12/2018,111.23
1/15/2018,.
1/16/2018,110.74
1/17/2018,110.81
1/18/2018,110.88
1/19/2018,110.56
1/22/2018,111.15
1/23/2018,110.46
1/24/2018,109.15
1/25/2018,108.7
1/26/2018,108.38
1/29/2018,109.12
1/30/2018,108.9
1/31/2018,109.31
2/1/2018,109.5
2/2/2018,110.4
2/5/2018,110.09
2/6/2018,109.18
2/7/2018,109.53
2/8/2018,109
2/9/2018,108.44
2/12/2018,108.72
2/13/2018,107.59
2/14/2018,107
2/15/2018,106.36
2/16/2018,106.1
2/19/2018,.
2/20/2018,107.23
2/21/2018,107.64
2/22/2018,106.96
2/23/2018,106.64
2/26/2018,106.96
2/27/2018,107.47
2/28/2018,106.62
3/1/2018,106.91
3/2/2018,105.65
3/5/2018,105.97
3/6/2018,106.03
3/7/2018,105.94
3/8/2018,106.08
3/9/2018,106.74
3/12/2018,106.52
3/13/2018,106.64
3/14/2018,106.17
3/15/2018,106.07
3/16/2018,106.1
3/19/2018,105.83
3/20/2018,106.42
3/21/2018,106.3
3/22/2018,105.34
3/23/2018,104.83
3/26/2018,105
3/27/2018,105.72
3/28/2018,106.3
3/29/2018,106.27
3/30/2018,106.2
4/2/2018,105.99
4/3/2018,106.45
4/4/2018,106.56
4/5/2018,107.48
4/6/2018,107.03
4/9/2018,107.06
4/10/2018,107.3
4/11/2018,106.78
4/12/2018,107.3
4/13/2018,107.52
4/16/2018,107.26
4/17/2018,107.09
4/18/2018,107.26
4/19/2018,107.42
4/20/2018,107.6
4/23/2018,108.62
4/24/2018,109.03
4/25/2018,109.33
4/26/2018,109.3
4/27/2018,109.12
4/30/2018,109.28
5/1/2018,109.69
5/2/2018,109.89
5/3/2018,109.06
5/4/2018,109.16
5/7/2018,109.14
5/8/2018,109.16
5/9/2018,109.68
5/10/2018,109.53
5/11/2018,109.26
5/14/2018,109.52
5/15/2018,110.25
5/16/2018,110.22
5/17/2018,110.76
5/18/2018,110.71
5/21/2018,111.08
5/22/2018,110.94
5/23/2018,110.05
5/24/2018,109.3
5/25/2018,109.35
5/28/2018,.
5/29/2018,108.62
5/30/2018,109.04
5/31/2018,108.73
6/1/2018,109.49
6/4/2018,109.66
6/5/2018,109.63
6/6/2018,110
6/7/2018,109.92
6/8/2018,109.45
6/11/2018,109.94
6/12/2018,110.22
6/13/2018,110.41
6/14/2018,110.44
6/15/2018,110.58
6/18/2018,110.44
6/19/2018,110.02
6/20/2018,110.14
6/21/2018,110.05
6/22/2018,109.98
6/25/2018,109.62
6/26/2018,109.92
6/27/2018,110.34
6/28/2018,110.38
6/29/2018,110.71
7/2/2018,110.73
7/3/2018,110.54
7/4/2018,.
7/5/2018,110.59
7/6/2018,110.48
7/9/2018,110.78
7/10/2018,111.24
7/11/2018,111.52
7/12/2018,112.41
7/13/2018,112.38
7/16/2018,112.29
7/17/2018,112.79
7/18/2018,112.82
7/19/2018,112.98
7/20/2018,111.74
7/23/2018,111.36
7/24/2018,111.27
7/25/2018,111.02
7/26/2018,111.2
7/27/2018,110.94
7/30/2018,110.98
7/31/2018,111.88
8/1/2018,111.72
8/2/2018,111.48
8/3/2018,111.12
8/6/2018,111.43
8/7/2018,111.19
8/8/2018,110.96
8/9/2018,110.9
8/10/2018,110.66
8/13/2018,110.65
8/14/2018,110.92
8/15/2018,110.62
8/16/2018,110.89
8/17/2018,110.54
8/20/2018,110.38
8/21/2018,110.48
8/22/2018,110.54
8/23/2018,111.14
8/24/2018,111.22
8/27/2018,111.09
8/28/2018,111.04
8/29/2018,111.8
8/30/2018,111.17
8/31/2018,110.98
9/3/2018,.
9/4/2018,111.44
9/5/2018,111.47
9/6/2018,110.87
9/7/2018,111.18
9/10/2018,111.09
9/11/2018,111.54
9/12/2018,111.29
9/13/2018,111.92
9/14/2018,112.09
9/17/2018,111.97
9/18/2018,112.3
9/19/2018,112.21
9/20/2018,112.58
9/21/2018,112.62
9/24/2018,112.62
9/25/2018,112.88
9/26/2018,112.92
9/27/2018,113.38
9/28/2018,113.48
10/1/2018,113.96
10/2/2018,113.66
10/3/2018,114.19
10/4/2018,113.79
10/5/2018,113.56
10/8/2018,.
10/9/2018,113.13
10/10/2018,112.71
10/11/2018,112.26
10/12/2018,112.02
10/15/2018,111.82
10/16/2018,112.16
10/17/2018,112.21
10/18/2018,112.11
10/19/2018,112.52
10/22/2018,112.78
10/23/2018,112.12
10/24/2018,112.58
10/25/2018,112.54
10/26/2018,111.65
10/29/2018,112.49
10/30/2018,112.76
10/31/2018,112.86
11/1/2018,112.79
11/2/2018,113.09
11/5/2018,113.22
11/6/2018,113.38
11/7/2018,113.32
11/8/2018,113.87
11/9/2018,113.77
11/12/2018,.
11/13/2018,113.97
11/14/2018,113.7
11/15/2018,113.46
11/16/2018,112.76
11/19/2018,112.54
11/20/2018,112.66
11/21/2018,113.06
11/22/2018,.
11/23/2018,112.83
11/26/2018,113.58
11/27/2018,113.84
11/28/2018,113.96
11/29/2018,113.42
11/30/2018,113.54
12/3/2018,113.54
12/4/2018,112.93
12/5/2018,.
12/6/2018,112.46
12/7/2018,112.6
12/10/2018,112.96
12/11/2018,113.41
12/12/2018,113.28
12/13/2018,113.66
12/14/2018,113.35
12/17/2018,112.96
12/18/2018,112.54
12/19/2018,112.15
12/20/2018,111.34
12/21/2018,111.14
12/24/2018,.
12/25/2018,.
12/26/2018,110.45
12/27/2018,110.78
12/28/2018,110.34
12/31/2018,109.7
1/1/2019,.
1/2/2019,109.22
1/3/2019,108.07
1/4/2019,108.29
1/7/2019,108.62
1/8/2019,108.57
1/9/2019,108.38
1/10/2019,108.29
1/11/2019,108.34
1/14/2019,.
1/15/2019,108.72
1/16/2019,108.84
1/17/2019,109.01
1/18/2019,109.79
1/21/2019,.
1/22/2019,109.34
1/23/2019,109.44
1/24/2019,109.72
1/25/2019,109.6
1/28/2019,109.2
1/29/2019,109.36
1/30/2019,109.57
1/31/2019,108.84
2/1/2019,109.55
2/4/2019,109.96
2/5/2019,109.99
2/6/2019,109.75
2/7/2019,109.7
2/8/2019,109.76
2/11/2019,110.4
2/12/2019,110.5
2/13/2019,110.86
2/14/2019,110.68
2/15/2019,110.54
2/18/2019,.
2/19/2019,110.68
2/20/2019,.
2/21/2019,110.72
2/22/2019,110.7
2/25/2019,111.07
2/26/2019,110.76
2/27/2019,110.92
2/28/2019,111.38
3/1/2019,111.89
3/4/2019,111.68
3/5/2019,111.98
3/6/2019,111.66
3/7/2019,111.6
3/8/2019,111.11
3/11/2019,111.21
3/12/2019,111.38
3/13/2019,111.23
3/14/2019,111.71
3/15/2019,111.57
3/18/2019,111.41
3/19/2019,111.38
3/20/2019,111.41
3/21/2019,110.86
3/22/2019,109.76
3/25/2019,110.09
3/26/2019,110.5
3/27/2019,110.38
3/28/2019,110.54
3/29/2019,110.68
4/1/2019,111.29
4/2/2019,111.32
4/3/2019,111.48
4/4/2019,111.55
4/5/2019,111.71
4/8/2019,111.47
4/9/2019,111.08
4/10/2019,110.92
4/11/2019,111.48
4/12/2019,112
4/15/2019,112
4/16/2019,111.95
4/17/2019,112
4/18/2019,111.94
4/19/2019,111.92
4/22/2019,111.94
4/23/2019,111.86
4/24/2019,111.81
4/25/2019,111.59
4/26/2019,111.6
4/29/2019,111.8
4/30/2019,111.4
5/1/2019,111.18
5/2/2019,111.39
5/3/2019,111.28
5/6/2019,110.86
5/7/2019,110.34
5/8/2019,110.12
5/9/2019,109.55
5/10/2019,109.56
5/13/2019,109.18
5/14/2019,109.68
5/15/2019,109.58
5/16/2019,109.89
5/17/2019,109.9
5/20/2019,109.96
5/21/2019,110.6
5/22/2019,110.28
5/23/2019,109.58
5/24/2019,109.38
5/27/2019,.
5/28/2019,109.49
5/29/2019,109.24
5/30/2019,109.67
5/31/2019,108.66
6/3/2019,108.39
6/4/2019,108.3
6/5/2019,108.2
6/6/2019,108.08
6/7/2019,108.15
6/10/2019,108.56
6/11/2019,108.52
6/12/2019,108.42
6/13/2019,108.44
6/14/2019,108.44
6/17/2019,108.56
6/18/2019,108.39
6/19/2019,108.36
6/20/2019,107.52
6/21/2019,107.55
6/24/2019,107.36
6/25/2019,106.92
6/26/2019,107.64
6/27/2019,107.73
6/28/2019,107.84
7/1/2019,108.42
7/2/2019,107.98
7/3/2019,107.84
7/4/2019,.
7/5/2019,108.55
7/8/2019,108.72
7/9/2019,108.78
7/10/2019,108.44
7/11/2019,108.29
7/12/2019,108
7/15/2019,107.89
7/16/2019,108.35
7/17/2019,108.1
7/18/2019,107.74
7/19/2019,107.78
7/22/2019,107.91
7/23/2019,108.06
7/24/2019,108.08
7/25/2019,108.58
7/26/2019,108.69
7/29/2019,108.86
7/30/2019,108.66
7/31/2019,108.58
8/1/2019,108.28
8/2/2019,106.64
8/5/2019,106.02
8/6/2019,106.45
8/7/2019,105.62
8/8/2019,106.04
8/9/2019,105.3
8/12/2019,105.38
8/13/2019,106.6
8/14/2019,105.79
8/15/2019,106.12
8/16/2019,106.34
8/19/2019,106.5
8/20/2019,106.35
8/21/2019,106.52
8/22/2019,106.44
8/23/2019,105.3
8/26/2019,106
8/27/2019,105.8
8/28/2019,105.86
8/29/2019,106.5
8/30/2019,106.3
9/2/2019,.
9/3/2019,105.88
9/4/2019,106.28
9/5/2019,106.96
9/6/2019,106.8
9/9/2019,107.14
9/10/2019,107.34
9/11/2019,107.73
9/12/2019,107.97
9/13/2019,108.12
9/16/2019,107.94
9/17/2019,108.12
9/18/2019,108.17
9/19/2019,108
9/20/2019,107.95
9/23/2019,107.47
9/24/2019,107.32
9/25/2019,107.78
9/26/2019,107.67
9/27/2019,108.05
9/30/2019,108.11
10/1/2019,107.7
10/2/2019,107.21
10/3/2019,106.76
10/4/2019,106.91
10/7/2019,107.06
10/8/2019,107.06
10/9/2019,107.43
10/10/2019,107.91
10/11/2019,108.52
10/14/2019,.
10/15/2019,108.83
10/16/2019,108.71
10/17/2019,108.51
10/18/2019,108.44
10/21/2019,108.57
10/22/2019,108.56
10/23/2019,108.64
10/24/2019,108.62
10/25/2019,108.75
10/28/2019,109.02
10/29/2019,108.83
10/30/2019,108.88
10/31/2019,108.09
11/1/2019,108.16
11/4/2019,108.56
11/5/2019,109.13
11/6/2019,108.86
11/7/2019,109.42
11/8/2019,109.14
11/11/2019,.
11/12/2019,109.09
11/13/2019,108.83
11/14/2019,108.33
11/15/2019,108.8
11/18/2019,108.61
11/19/2019,108.59
11/20/2019,108.67
11/21/2019,108.53
11/22/2019,108.67
11/25/2019,108.95
11/26/2019,109.11
11/27/2019,109.38
11/28/2019,.
11/29/2019,109.47
12/2/2019,109.09
12/3/2019,108.53
12/4/2019,108.87
12/5/2019,108.69
12/6/2019,108.66
12/9/2019,108.59
12/10/2019,108.73
12/11/2019,108.67
12/12/2019,109.16
12/13/2019,109.28
12/16/2019,109.64
12/17/2019,109.52
12/18/2019,109.58
12/19/2019,109.23
12/20/2019,109.45
12/23/2019,109.39
12/24/2019,109.38
12/25/2019,.
12/26/2019,109.67
12/27/2019,109.47
12/30/2019,108.85
12/31/2019,108.67
1/1/2020,.
1/2/2020,108.43
1/3/2020,107.94
1/6/2020,108.36
1/7/2020,108.53
1/8/2020,109.03
1/9/2020,109.47
1/10/2020,109.5
1/13/2020,109.93
1/14/2020,110.05
1/15/2020,109.94
1/16/2020,110.16
1/17/2020,110.16
1/20/2020,.
1/21/2020,109.95
1/22/2020,109.93
1/23/2020,109.39
1/24/2020,109.31
1/27/2020,108.95
1/28/2020,109.17
1/29/2020,109.15
1/30/2020,108.75
1/31/2020,108.5
2/3/2020,108.59
2/4/2020,109.41
2/5/2020,109.74
2/6/2020,109.89
2/7/2020,109.81
2/10/2020,109.77
2/11/2020,109.78
2/12/2020,110
2/13/2020,109.81
2/14/2020,109.77
2/17/2020,.
2/18/2020,109.8
2/19/2020,111.17
2/20/2020,111.86
2/21/2020,111.74
2/24/2020,110.56
2/25/2020,110.23
2/26/2020,110.36
2/27/2020,110.15
2/28/2020,108.12
3/2/2020,108.02
3/3/2020,107.28
3/4/2020,107.34
3/5/2020,106.56
3/6/2020,105.31
3/9/2020,102.52
3/10/2020,103.71
3/11/2020,104.81
3/12/2020,105.67
3/13/2020,107.15
3/16/2020,105.64
3/17/2020,107.41
3/18/2020,108.45
3/19/2020,110.08
3/20/2020,111.3
3/23/2020,111.36
3/24/2020,111.44
3/25/2020,111.43
3/26/2020,109.45
3/27/2020,108.16
3/30/2020,108.06
3/31/2020,107.53
4/1/2020,107.05
4/2/2020,107.85
4/3/2020,108.53
4/6/2020,109.11
4/7/2020,108.97
4/8/2020,108.7
4/9/2020,108.38
4/10/2020,108.39
4/13/2020,107.59
4/14/2020,107.08
4/15/2020,107.42
4/16/2020,107.72
4/17/2020,107.52
4/20/2020,107.69
4/21/2020,107.69
4/22/2020,107.81
4/23/2020,107.65
4/24/2020,107.44
4/27/2020,107.22
4/28/2020,106.83
4/29/2020,106.67
4/30/2020,106.94
5/1/2020,106.76
5/4/2020,106.82
5/5/2020,106.52
5/6/2020,106.07
5/7/2020,106.36
5/8/2020,106.5
5/11/2020,107.7
5/12/2020,107.33
5/13/2020,106.92
5/14/2020,107.09
5/15/2020,107.27
5/18/2020,107.25
5/19/2020,107.89
5/20/2020,107.46
5/21/2020,107.69
5/22/2020,107.5
5/25/2020,.
5/26/2020,107.64
5/27/2020,107.79
5/28/2020,107.67
5/29/2020,107.77
6/1/2020,107.56
6/2/2020,108.6
6/3/2020,108.88
6/4/2020,109
6/5/2020,109.68
6/8/2020,108.46
6/9/2020,107.66
6/10/2020,107.25
6/11/2020,106.67
6/12/2020,107.36
6/15/2020,107.33
6/16/2020,107.35
6/17/2020,107.26
6/18/2020,106.78
6/19/2020,106.89
6/22/2020,106.84
6/23/2020,106.44
6/24/2020,106.83
6/25/2020,107.21
6/26/2020,107.19
6/29/2020,107.71
6/30/2020,107.77
7/1/2020,107.5
7/2/2020,107.55
7/3/2020,.
7/6/2020,107.5
7/7/2020,107.53
7/8/2020,107.39
7/9/2020,107.27
7/10/2020,106.77
7/13/2020,107.22
7/14/2020,107.2
7/15/2020,106.92
7/16/2020,107.05
7/17/2020,107.06
7/20/2020,107.21
7/21/2020,106.82
7/22/2020,107.18
7/23/2020,106.83
7/24/2020,105.79
7/27/2020,105.29
7/28/2020,105.03
7/29/2020,105.06
7/30/2020,105.05
7/31/2020,105.78
8/3/2020,106.11
8/4/2020,105.87
8/5/2020,105.44
8/6/2020,105.52
8/7/2020,105.92
8/10/2020,105.85
8/11/2020,106.56
8/12/2020,106.85
8/13/2020,106.89
8/14/2020,106.49
8/17/2020,105.97
8/18/2020,105.41
8/19/2020,105.71
8/20/2020,105.81
8/21/2020,105.88
8/24/2020,105.9
8/25/2020,106.4
8/26/2020,106.13
8/27/2020,106.42
8/28/2020,105.3
8/31/2020,105.84
9/1/2020,106
9/2/2020,106.15
9/3/2020,106.14
9/4/2020,106.34
9/7/2020,.
9/8/2020,105.97
9/9/2020,106.23
9/10/2020,106.19
9/11/2020,106.17
9/14/2020,105.68
9/15/2020,105.5
9/16/2020,104.94
9/17/2020,104.77
9/18/2020,104.44
9/21/2020,104.69
9/22/2020,105.05
9/23/2020,105.34
9/24/2020,105.42
9/25/2020,105.59
9/28/2020,105.5
9/29/2020,105.68
9/30/2020,105.58
10/1/2020,105.53
10/2/2020,105.36
10/5/2020,105.7
10/6/2020,105.64
10/7/2020,105.97
10/8/2020,105.98
10/9/2020,105.72
10/12/2020,.
10/13/2020,105.55
10/14/2020,105.08
10/15/2020,105.38
10/16/2020,105.41
10/19/2020,105.42
10/20/2020,105.56
10/21/2020,104.58
10/22/2020,104.88
10/23/2020,104.78
10/26/2020,104.86
10/27/2020,104.44
10/28/2020,104.33
10/29/2020,104.69
10/30/2020,104.54
11/2/2020,104.8
11/3/2020,104.5
11/4/2020,104.39
11/5/2020,103.67
11/6/2020,103.32
11/9/2020,105.58
11/10/2020,105.36
11/11/2020,.
11/12/2020,105.16
11/13/2020,104.61
11/16/2020,104.54
11/17/2020,104.2
11/18/2020,103.72
11/19/2020,103.85
11/20/2020,103.81
11/23/2020,104.42
11/24/2020,104.61
11/25/2020,104.39
11/26/2020,.
11/27/2020,.
11/30/2020,104.38
12/1/2020,104.4
12/2/2020,104.52
12/3/2020,103.77
12/4/2020,104.16
12/7/2020,104.01
12/8/2020,104.14
12/9/2020,104.28
12/10/2020,104.3
12/11/2020,103.88
12/14/2020,104.06
12/15/2020,103.69
12/16/2020,103.59
12/17/2020,103.13
12/18/2020,103.35
12/21/2020,103.44
12/22/2020,103.62
12/23/2020,103.52
12/24/2020,.
12/25/2020,.
12/28/2020,103.84
12/29/2020,103.5
12/30/2020,103.31
12/31/2020,103.19
1/1/2021,.
1/4/2021,103.19
1/5/2021,102.7
1/6/2021,103.25
1/7/2021,103.84
1/8/2021,103.89
1/11/2021,104.16
1/12/2021,104.09
1/13/2021,103.91
1/14/2021,103.66
1/15/2021,103.8
1/18/2021,.
1/19/2021,103.86
1/20/2021,.
1/21/2021,103.57
1/22/2021,103.76
1/25/2021,103.78
1/26/2021,103.69
1/27/2021,104.09
1/28/2021,104.31
1/29/2021,104.64
2/1/2021,104.97
2/2/2021,105.09
2/3/2021,105.05
2/4/2021,105.43
2/5/2021,105.44
2/8/2021,105.19
2/9/2021,104.62
2/10/2021,104.67
2/11/2021,104.75
2/12/2021,104.94
2/15/2021,.
2/16/2021,105.88
2/17/2021,105.83
2/18/2021,105.69
2/19/2021,105.58
2/22/2021,105.06
2/23/2021,105.21
2/24/2021,105.91
2/25/2021,106.22
2/26/2021,106.64
3/1/2021,106.68
3/2/2021,106.75
3/3/2021,106.92
3/4/2021,107.58
3/5/2021,108.24
3/8/2021,108.92
3/9/2021,108.64
3/10/2021,108.58
3/11/2021,108.44
3/12/2021,108.87
3/15/2021,109.11
3/16/2021,109.01
3/17/2021,109.22
3/18/2021,108.97
3/19/2021,108.85
3/22/2021,108.67
3/23/2021,108.61
3/24/2021,108.81
3/25/2021,109.13
3/26/2021,109.55
3/29/2021,109.73
3/30/2021,110.19
3/31/2021,110.61
4/1/2021,110.61
4/2/2021,110.67
4/5/2021,110.08
4/6/2021,109.83
4/7/2021,109.67
4/8/2021,109.25
4/9/2021,109.64
4/12/2021,109.43
4/13/2021,109.19
4/14/2021,108.93
4/15/2021,108.78
4/16/2021,108.78
4/19/2021,108.09
4/20/2021,108.07
4/21/2021,108.09
4/22/2021,108.17
4/23/2021,107.94
4/26/2021,108.12
4/27/2021,108.56
4/28/2021,108.81
4/29/2021,108.94
4/30/2021,109.33
5/3/2021,109.08
5/4/2021,109.34
5/5/2021,109.27
5/6/2021,109.17
5/7/2021,108.52
5/10/2021,108.7
5/11/2021,108.53
5/12/2021,109.53
5/13/2021,109.56
5/14/2021,109.37
5/17/2021,109.17
5/18/2021,109.01
5/19/2021,108.76
5/20/2021,108.79
5/21/2021,108.94
5/24/2021,108.81
5/25/2021,108.95
5/26/2021,109.1
5/27/2021,109.81
5/28/2021,109.83
5/31/2021,.
6/1/2021,109.43
6/2/2021,109.59
6/3/2021,110.28
6/4/2021,109.42
6/7/2021,109.25
6/8/2021,109.47
6/9/2021,109.61
6/10/2021,109.49
6/11/2021,109.75
6/14/2021,109.98
6/15/2021,110.12
6/16/2021,109.88
6/17/2021,110.28
6/18/2021,110.21
6/21/2021,110.22
6/22/2021,110.75
6/23/2021,110.86
6/24/2021,110.91
6/25/2021,110.78
6/28/2021,110.5
6/29/2021,110.53
6/30/2021,111.05
7/1/2021,111.56
7/2/2021,111.28
7/5/2021,.
7/6/2021,110.66
7/7/2021,110.62
7/8/2021,109.82
7/9/2021,110.18
7/12/2021,110.36
7/13/2021,110.36
7/14/2021,110.03
7/15/2021,110.05
7/16/2021,110.13
7/19/2021,109.45
7/20/2021,109.92
7/21/2021,110.22
7/22/2021,110.1
7/23/2021,110.52
7/26/2021,110.31
7/27/2021,109.64
7/28/2021,110.06
7/29/2021,109.53
7/30/2021,109.7
8/2/2021,109.22
8/3/2021,109.09
8/4/2021,109.44
8/5/2021,109.75
8/6/2021,110.22
8/9/2021,110.25
8/10/2021,110.54
8/11/2021,110.47
8/12/2021,110.36
8/13/2021,109.75
8/16/2021,109.26
8/17/2021,109.59
8/18/2021,109.92
8/19/2021,109.75
8/20/2021,109.77
8/23/2021,109.78
8/24/2021,109.68
8/25/2021,110.03
8/26/2021,110.09
8/27/2021,109.84
8/30/2021,109.91
8/31/2021,110.05
9/1/2021,110.03
9/2/2021,110.01
9/3/2021,109.64
9/6/2021,.
9/7/2021,110.17
9/8/2021,110.32
9/9/2021,109.76
9/10/2021,109.93
9/13/2021,109.94
9/14/2021,109.66
9/15/2021,109.4
9/16/2021,109.67
9/17/2021,109.94
9/20/2021,109.47
9/21/2021,109.33
9/22/2021,109.59
9/23/2021,110.17
9/24/2021,110.72
9/27/2021,110.97
9/28/2021,111.33
9/29/2021,111.83
9/30/2021,111.5
10/1/2021,110.97
10/4/2021,110.94
10/5/2021,111.39
10/6/2021,111.33
10/7/2021,111.5
10/8/2021,112.15
10/11/2021,.
10/12/2021,113.69
10/13/2021,113.49
10/14/2021,113.59
10/15/2021,114.31
10/18/2021,114.22
10/19/2021,114.27
10/20/2021,114.24
10/21/2021,113.75
10/22/2021,113.54
10/25/2021,113.7
10/26/2021,114.19
10/27/2021,113.75
10/28/2021,113.38
10/29/2021,114.03
11/1/2021,114.19
11/2/2021,113.78
11/3/2021,114.06
11/4/2021,113.63
11/5/2021,113.45
11/8/2021,113.15
11/9/2021,112.87
11/10/2021,113.89
11/11/2021,.
11/12/2021,113.9
11/15/2021,113.96
11/16/2021,114.62
11/17/2021,114.33
11/18/2021,114.22
11/19/2021,113.81
11/22/2021,114.69
11/23/2021,114.98
11/24/2021,115.34
11/25/2021,.
11/26/2021,113.46
11/29/2021,113.75
11/30/2021,113.22
12/1/2021,112.82
12/2/2021,113.1
12/3/2021,112.88
12/6/2021,113.31
12/7/2021,113.61
12/8/2021,113.83
12/9/2021,113.53
12/10/2021,113.36
12/13/2021,113.42
12/14/2021,113.63
12/15/2021,113.83
12/16/2021,113.67
12/17/2021,113.56
12/20/2021,113.45
12/21/2021,114.11
12/22/2021,114.22
12/23/2021,114.42
12/24/2021,.
12/27/2021,114.85
12/28/2021,114.75
12/29/2021,114.97
12/30/2021,115.17
12/31/2021,.
1/3/2022,115.27
1/4/2022,116.12
1/5/2022,115.91
1/6/2022,115.78
1/7/2022,115.61
1/10/2022,115.14
1/11/2022,115.38
1/12/2022,114.74
1/13/2022,114.06
1/14/2022,113.89
1/17/2022,.
1/18/2022,114.6
1/19/2022,114.28
1/20/2022,114.08
1/21/2022,113.72
1/24/2022,113.82
1/25/2022,113.88
1/26/2022,114.33
1/27/2022,115.47
1/28/2022,115.21
1/31/2022,115.22
2/1/2022,114.77
2/2/2022,114.36
2/3/2022,114.88
2/4/2022,115.22
2/7/2022,115.09
2/8/2022,115.62
2/9/2022,115.44
2/10/2022,115.84
2/11/2022,115.91
2/14/2022,115.72
2/15/2022,115.64
2/16/2022,115.41
2/17/2022,115.03
2/18/2022,115.08
2/21/2022,.
2/22/2022,114.94
2/23/2022,115.12
2/24/2022,115.45
2/25/2022,115.62
2/28/2022,115.11
3/1/2022,114.87
3/2/2022,115.59
3/3/2022,115.67
3/4/2022,114.65
3/7/2022,115.41
3/8/2022,115.64
3/9/2022,115.87
3/10/2022,116.05
3/11/2022,117.08
3/14/2022,118
3/15/2022,118.19
3/16/2022,118.48
3/17/2022,118.45
3/18/2022,119.17
3/21/2022,119.15
3/22/2022,120.66
3/23/2022,121.02
3/24/2022,122.08
3/25/2022,121.98
3/28/2022,123.25
3/29/2022,122.61
3/30/2022,121.97
3/31/2022,121.44
4/1/2022,122.6
4/4/2022,122.7
4/5/2022,123.48
4/6/2022,123.7
4/7/2022,123.8
4/8/2022,124.31
4/11/2022,125.55
4/12/2022,125.25
4/13/2022,125.51
4/14/2022,125.92
4/15/2022,126.31
4/18/2022,126.77
4/19/2022,128.55
4/20/2022,127.76
4/21/2022,128.62
4/22/2022,128.78
4/25/2022,127.66
4/26/2022,127.37
4/27/2022,128.44
4/28/2022,130.94
4/29/2022,129.84
5/2/2022,130.18
5/3/2022,130.09
5/4/2022,129.97
5/5/2022,130.41
5/6/2022,130.35
5/9/2022,130.37
5/10/2022,130.21
5/11/2022,130.2
5/12/2022,128.1
5/13/2022,129.23
5/16/2022,129.15
5/17/2022,129.31
5/18/2022,128.22
5/19/2022,127.62
5/20/2022,127.86
5/23/2022,127.78
5/24/2022,126.56
5/25/2022,127.31
5/26/2022,127.23
5/27/2022,127.14
5/30/2022,.
5/31/2022,128.53
6/1/2022,130.09
6/2/2022,129.83
6/3/2022,130.71
6/6/2022,131.55
6/7/2022,132.53
6/8/2022,134.06
6/9/2022,134.06
6/10/2022,134.19
6/13/2022,134.12
6/14/2022,134.89
6/15/2022,134.5
6/16/2022,131.65
6/17/2022,135.14
6/20/2022,.
6/21/2022,136.25
6/22/2022,136.05
6/23/2022,134.72
6/24/2022,135.22
6/27/2022,135.26
6/28/2022,136.19
6/29/2022,136.5
6/30/2022,135.69
7/1/2022,135.09
7/4/2022,.
7/5/2022,135.72
7/6/2022,135.66
7/7/2022,135.99
7/8/2022,136.16
7/11/2022,137.29
7/12/2022,136.68
7/13/2022,137.34
7/14/2022,138.94
7/15/2022,138.57
7/18/2022,138.23
7/19/2022,137.94
7/20/2022,138.16
7/21/2022,137.94
7/22/2022,136.12
7/25/2022,136.72
7/26/2022,136.62
7/27/2022,137.31
7/28/2022,134.45
7/29/2022,133.25
8/1/2022,131.8
8/2/2022,132.32
8/3/2022,134.18
8/4/2022,133.28
8/5/2022,135.33
8/8/2022,134.73
8/9/2022,134.95
8/10/2022,132.58
8/11/2022,132.66
8/12/2022,133.57
8/15/2022,133.13
8/16/2022,134.38
8/17/2022,135.4
8/18/2022,135.29
8/19/2022,137.01
8/22/2022,137.57
8/23/2022,136.36
8/24/2022,136.92
8/25/2022,136.83
8/26/2022,137.07
8/29/2022,138.74
8/30/2022,138.73
8/31/2022,138.69
9/1/2022,139.93
9/2/2022,140.03
9/5/2022,.
9/6/2022,142.95
9/7/2022,144.39
9/8/2022,144.05
9/9/2022,142.44
9/12/2022,142.41
9/13/2022,144.3
9/14/2022,142.93
9/15/2022,143.57
9/16/2022,143.04
9/19/2022,143.34
9/20/2022,143.64
9/21/2022,144.14
9/22/2022,142.16
9/23/2022,143.18
9/26/2022,144.45
9/27/2022,144.71
9/28/2022,144.15
9/29/2022,144.45
9/30/2022,144.71
10/3/2022,144.5
10/4/2022,144.32
10/5/2022,144.73
10/6/2022,144.94
10/7/2022,145.19
10/10/2022,.
10/11/2022,145.55
10/12/2022,146.87
10/13/2022,147.15
10/14/2022,148.46
10/17/2022,148.71
10/18/2022,149.23
10/19/2022,149.77
10/20/2022,149.82
10/21/2022,146.35
10/24/2022,148.76
10/25/2022,147.85
10/26/2022,146.5
10/27/2022,146.02
10/28/2022,147.68
10/31/2022,148.63
11/1/2022,148.11
11/2/2022,147.11
11/3/2022,148.18
11/4/2022,147.22
11/7/2022,146.64
11/8/2022,145.38
11/9/2022,146.15
11/10/2022,141.78
11/11/2022,.
11/14/2022,140.43
11/15/2022,139.36
11/16/2022,139.59
11/17/2022,140.45
11/18/2022,140.03
11/21/2022,141.95
11/22/2022,141.29
11/23/2022,139.76
11/24/2022,.
11/25/2022,139.21
11/28/2022,138.67
11/29/2022,138.28
11/30/2022,139.31
12/1/2022,135.55
12/2/2022,134.89
12/5/2022,136.55
12/6/2022,136.67
12/7/2022,136.57
12/8/2022,136.45
12/9/2022,136.4
12/12/2022,137.47
12/13/2022,135.14
12/14/2022,134.95
12/15/2022,137.92
12/16/2022,136.55
12/19/2022,136.87
12/20/2022,131.08
12/21/2022,132.36
12/22/2022,132.34
12/23/2022,132.78
12/26/2022,.
12/27/2022,133.43
12/28/2022,134.27
12/29/2022,133.16
12/30/2022,131.81
1/2/2023,.
1/3/2023,130.83
1/4/2023,132
1/5/2023,133.57
1/6/2023,132.21
1/9/2023,131.58
1/10/2023,132.25
1/11/2023,132.58
1/12/2023,129.75
1/13/2023,127.85
1/16/2023,.
1/17/2023,128.18
1/18/2023,128.45
1/19/2023,128.48
1/20/2023,129.97
1/23/2023,130.69
1/24/2023,130.07
1/25/2023,129.64
1/26/2023,130.4
1/27/2023,129.94
1/30/2023,130.34
1/31/2023,130.17
2/1/2023,129.27
2/2/2023,128.45
2/3/2023,131.07
2/6/2023,132.76
2/7/2023,131.37
2/8/2023,131.27
2/9/2023,130.98
2/10/2023,131.5
2/13/2023,132.71
2/14/2023,133.05
2/15/2023,134.22
2/16/2023,133.95
2/17/2023,134.21
2/20/2023,.
2/21/2023,134.87
2/22/2023,134.77
2/23/2023,134.8
2/24/2023,136.36
2/27/2023,136.18
2/28/2023,136.09
3/1/2023,135.82
3/2/2023,136.84
3/3/2023,136.09
3/6/2023,135.93
3/7/2023,136.9
3/8/2023,137.18
3/9/2023,136.41
3/10/2023,135.05
3/13/2023,133.13
3/14/2023,134.33
3/15/2023,132.81
3/16/2023,133.01
3/17/2023,132.01
