DATE,DEXUSDINR
1/3/2000,43.55
1/4/2000,43.55
1/5/2000,43.55
1/6/2000,43.55
1/7/2000,43.55
1/10/2000,43.55
1/11/2000,43.6
1/12/2000,43.6
1/13/2000,43.55
1/14/2000,43.55
1/17/2000,.
1/18/2000,43.6
1/19/2000,43.6
1/20/2000,43.6
1/21/2000,43.6
1/24/2000,43.62
1/25/2000,43.59
1/26/2000,43.65
1/27/2000,43.63
1/28/2000,43.65
1/31/2000,43.65
2/1/2000,43.62
2/2/2000,43.65
2/3/2000,43.65
2/4/2000,43.65
2/7/2000,43.64
2/8/2000,43.63
2/9/2000,43.65
2/10/2000,43.58
2/11/2000,43.65
2/14/2000,43.65
2/15/2000,43.64
2/16/2000,43.75
2/17/2000,43.68
2/18/2000,43.68
2/21/2000,.
2/22/2000,43.65
2/23/2000,43.68
2/24/2000,43.65
2/25/2000,43.65
2/28/2000,43.68
2/29/2000,43.65
3/1/2000,43.63
3/2/2000,43.65
3/3/2000,43.65
3/6/2000,43.63
3/7/2000,43.63
3/8/2000,43.65
3/9/2000,43.63
3/10/2000,43.65
3/13/2000,43.65
3/14/2000,43.64
3/15/2000,43.65
3/16/2000,43.58
3/17/2000,43.65
3/20/2000,43.63
3/21/2000,43.59
3/22/2000,43.65
3/23/2000,43.65
3/24/2000,43.65
3/27/2000,43.62
3/28/2000,43.65
3/29/2000,43.65
3/30/2000,43.65
3/31/2000,43.65
4/3/2000,43.632
4/4/2000,43.65
4/5/2000,43.68
4/6/2000,43.65
4/7/2000,43.67
4/10/2000,43.66
4/11/2000,43.68
4/12/2000,43.7
4/13/2000,43.7
4/14/2000,43.75
4/17/2000,43.68
4/18/2000,43.7
4/19/2000,43.7
4/20/2000,43.687
4/21/2000,43.7
4/24/2000,43.655
4/25/2000,43.7
4/26/2000,43.7
4/27/2000,43.7
4/28/2000,43.7
5/1/2000,43.67
5/2/2000,43.75
5/3/2000,43.73
5/4/2000,43.67
5/5/2000,43.7
5/8/2000,43.7
5/9/2000,43.7
5/10/2000,44.3
5/11/2000,44.44
5/12/2000,44.15
5/15/2000,44.44
5/16/2000,44.05
5/17/2000,44.02
5/18/2000,44.03
5/19/2000,44
5/22/2000,44.02
5/23/2000,44.15
5/24/2000,44.25
5/25/2000,44.2
5/26/2000,44.4
5/29/2000,.
5/30/2000,44.65
5/31/2000,44.65
6/1/2000,44.65
6/2/2000,44.7
6/5/2000,44.75
6/6/2000,44.75
6/7/2000,44.83
6/8/2000,44.85
6/9/2000,44.85
6/12/2000,44.85
6/13/2000,44.8
6/14/2000,44.72
6/15/2000,44.8
6/16/2000,44.83
6/19/2000,44.85
6/20/2000,44.75
6/21/2000,44.7
6/22/2000,44.7
6/23/2000,44.75
6/26/2000,44.75
6/27/2000,44.7
6/28/2000,44.72
6/29/2000,44.73
6/30/2000,44.7
7/3/2000,44.72
7/4/2000,.
7/5/2000,44.69
7/6/2000,44.81
7/7/2000,44.78
7/10/2000,44.75
7/11/2000,44.75
7/12/2000,44.75
7/13/2000,44.78
7/14/2000,44.78
7/17/2000,44.74
7/18/2000,44.83
7/19/2000,44.85
7/20/2000,45.02
7/21/2000,44.8
7/24/2000,44.77
7/25/2000,44.95
7/26/2000,44.98
7/27/2000,44.95
7/28/2000,44.96
7/31/2000,45.15
8/1/2000,45.15
8/2/2000,45.4
8/3/2000,45.4
8/4/2000,45.4
8/7/2000,45.62
8/8/2000,45.8
8/9/2000,45.7
8/10/2000,45.9
8/11/2000,45.9
8/14/2000,45.85
8/15/2000,45.8
8/16/2000,45.8
8/17/2000,45.95
8/18/2000,45.9
8/21/2000,45.73
8/22/2000,45.75
8/23/2000,45.9
8/24/2000,46.05
8/25/2000,46.05
8/28/2000,45.83
8/29/2000,46
8/30/2000,45.9
8/31/2000,45.9
9/1/2000,45.8
9/4/2000,.
9/5/2000,45.74
9/6/2000,45.65
9/7/2000,46.05
9/8/2000,45.73
9/11/2000,45.65
9/12/2000,45.7
9/13/2000,45.7
9/14/2000,45.8
9/15/2000,45.85
9/18/2000,46.15
9/19/2000,46.45
9/20/2000,46.3
9/21/2000,46.09
9/22/2000,46.18
9/25/2000,46.16
9/26/2000,46.1
9/27/2000,46.15
9/28/2000,46.05
9/29/2000,46.06
10/2/2000,46.1
10/3/2000,46.18
10/4/2000,46.17
10/5/2000,46.17
10/6/2000,46.17
10/9/2000,.
10/10/2000,46.25
10/11/2000,46.35
10/12/2000,46.3
10/13/2000,46.45
10/16/2000,46.4
10/17/2000,46.35
10/18/2000,46.45
10/19/2000,46.4
10/20/2000,46.4
10/23/2000,46.45
10/24/2000,46.48
10/25/2000,46.7
10/26/2000,46.7
10/27/2000,46.78
10/30/2000,46.78
10/31/2000,46.9
11/1/2000,46.82
11/2/2000,46.85
11/3/2000,46.7
11/6/2000,46.64
11/7/2000,46.7
11/8/2000,46.72
11/9/2000,46.75
11/10/2000,46.78
11/13/2000,46.77
11/14/2000,46.85
11/15/2000,46.83
11/16/2000,46.85
11/17/2000,46.82
11/20/2000,46.9
11/21/2000,46.85
11/22/2000,46.86
11/23/2000,.
11/24/2000,46.91
11/27/2000,46.9
11/28/2000,46.93
11/29/2000,46.95
11/30/2000,46.87
12/1/2000,46.89
12/4/2000,46.88
12/5/2000,46.8
12/6/2000,46.78
12/7/2000,46.8
12/8/2000,46.8
12/11/2000,46.78
12/12/2000,46.78
12/13/2000,46.8
12/14/2000,46.8
12/15/2000,46.8
12/18/2000,46.79
12/19/2000,46.75
12/20/2000,46.75
12/21/2000,46.74
12/22/2000,46.77
12/25/2000,.
12/26/2000,46.75
12/27/2000,46.73
12/28/2000,46.75
12/29/2000,46.75
1/1/2001,.
1/2/2001,46.74
1/3/2001,46.75
1/4/2001,46.78
1/5/2001,46.76
1/8/2001,46.73
1/9/2001,46.68
1/10/2001,46.68
1/11/2001,46.68
1/12/2001,47.47
1/15/2001,.
1/16/2001,46.55
1/17/2001,46.48
1/18/2001,46.45
1/19/2001,46.43
1/22/2001,46.43
1/23/2001,46.39
1/24/2001,46.42
1/25/2001,46.54
1/26/2001,46.53
1/29/2001,46.5
1/30/2001,46.46
1/31/2001,46.44
2/1/2001,46.41
2/2/2001,46.44
2/5/2001,46.43
2/6/2001,46.42
2/7/2001,46.46
2/8/2001,46.46
2/9/2001,46.54
2/12/2001,46.56
2/13/2001,46.6
2/14/2001,46.65
2/15/2001,46.63
2/16/2001,46.55
2/19/2001,.
2/20/2001,46.66
2/21/2001,46.65
2/22/2001,46.63
2/23/2001,46.65
2/26/2001,46.66
2/27/2001,46.68
2/28/2001,46.59
3/1/2001,46.59
3/2/2001,46.59
3/5/2001,46.57
3/6/2001,46.53
3/7/2001,46.57
3/8/2001,46.56
3/9/2001,46.55
3/12/2001,46.57
3/13/2001,46.7
3/14/2001,46.69
3/15/2001,46.66
3/16/2001,46.69
3/19/2001,46.72
3/20/2001,46.71
3/21/2001,46.71
3/22/2001,46.74
3/23/2001,46.72
3/26/2001,46.69
3/27/2001,46.65
3/28/2001,46.65
3/29/2001,46.66
3/30/2001,46.85
4/2/2001,46.65
4/3/2001,46.67
4/4/2001,46.6
4/5/2001,46.64
4/6/2001,46.58
4/9/2001,46.58
4/10/2001,46.6
4/11/2001,46.75
4/12/2001,46.75
4/13/2001,46.89
4/16/2001,47.07
4/17/2001,46.95
4/18/2001,46.95
4/19/2001,46.88
4/20/2001,46.88
4/23/2001,46.82
4/24/2001,46.88
4/25/2001,46.88
4/26/2001,46.78
4/27/2001,46.88
4/30/2001,46.88
5/1/2001,46.87
5/2/2001,46.87
5/3/2001,46.87
5/4/2001,46.87
5/7/2001,46.84
5/8/2001,46.83
5/9/2001,46.85
5/10/2001,46.88
5/11/2001,46.85
5/14/2001,47
5/15/2001,47.03
5/16/2001,46.97
5/17/2001,46.99
5/18/2001,46.98
5/21/2001,47
5/22/2001,47.06
5/23/2001,47.02
5/24/2001,47.02
5/25/2001,47.02
5/28/2001,.
5/29/2001,47.02
5/30/2001,47
5/31/2001,47
6/1/2001,47.05
6/4/2001,47.06
6/5/2001,47
6/6/2001,47.03
6/7/2001,47
6/8/2001,47.03
6/11/2001,47.04
6/12/2001,47.08
6/13/2001,47.09
6/14/2001,47
6/15/2001,47.05
6/18/2001,47.02
6/19/2001,47.02
6/20/2001,47.01
6/21/2001,47.05
6/22/2001,47.04
6/25/2001,47.06
6/26/2001,47.07
6/27/2001,47.04
6/28/2001,47.06
6/29/2001,47.09
7/2/2001,47.18
7/3/2001,47.17
7/4/2001,.
7/5/2001,47.18
7/6/2001,47.17
7/9/2001,47.19
7/10/2001,47.19
7/11/2001,47.21
7/12/2001,47.2
7/13/2001,47.21
7/16/2001,47.2
7/17/2001,47.16
7/18/2001,47.12
7/19/2001,47.16
7/20/2001,47.17
7/23/2001,47.17
7/24/2001,47.11
7/25/2001,47.19
7/26/2001,47.2
7/27/2001,47.19
7/30/2001,47.19
7/31/2001,47.18
8/1/2001,47.16
8/2/2001,47.11
8/3/2001,47.17
8/6/2001,47.16
8/7/2001,47.11
8/8/2001,47.19
8/9/2001,47.18
8/10/2001,47.17
8/13/2001,47.17
8/14/2001,47.15
8/15/2001,47.16
8/16/2001,47.16
8/17/2001,47.17
8/20/2001,47.18
8/21/2001,47.18
8/22/2001,47.18
8/23/2001,47.17
8/24/2001,47.17
8/27/2001,47.19
8/28/2001,47.19
8/29/2001,47.16
8/30/2001,47.18
8/31/2001,47.17
9/3/2001,.
9/4/2001,47.22
9/5/2001,47.2
9/6/2001,47.22
9/7/2001,47.27
9/10/2001,47.38
9/11/2001,.
9/12/2001,47.39
9/13/2001,47.49
9/14/2001,47.75
9/17/2001,47.77
9/18/2001,48.05
9/19/2001,47.96
9/20/2001,48.03
9/21/2001,48.08
9/24/2001,48.08
9/25/2001,48.91
9/26/2001,47.91
9/27/2001,47.91
9/28/2001,47.9
10/1/2001,48.03
10/2/2001,48.03
10/3/2001,47.96
10/4/2001,48.04
10/5/2001,48.05
10/8/2001,.
10/9/2001,48.17
10/10/2001,48.09
10/11/2001,48.09
10/12/2001,48.07
10/15/2001,48.07
10/16/2001,48.05
10/17/2001,48.05
10/18/2001,48.08
10/19/2001,48.08
10/22/2001,48.05
10/23/2001,48.03
10/24/2001,48.08
10/25/2001,48
10/26/2001,48.02
10/29/2001,48.02
10/30/2001,48.03
10/31/2001,48.04
11/1/2001,48.05
11/2/2001,48.04
11/5/2001,48.02
11/6/2001,48.04
11/7/2001,48.04
11/8/2001,48.07
11/9/2001,48.05
11/12/2001,.
11/13/2001,48.11
11/14/2001,48.11
11/15/2001,48.03
11/16/2001,48.03
11/19/2001,48
11/20/2001,48.03
11/21/2001,48.03
11/22/2001,.
11/23/2001,48.1
11/26/2001,48.05
11/27/2001,48.08
11/28/2001,47.99
11/29/2001,48.01
11/30/2001,47.98
12/3/2001,47.93
12/4/2001,47.93
12/5/2001,47.94
12/6/2001,47.9
12/7/2001,47.86
12/10/2001,47.87
12/11/2001,47.85
12/12/2001,47.84
12/13/2001,47.84
12/14/2001,47.86
12/17/2001,47.86
12/18/2001,47.86
12/19/2001,47.8
12/20/2001,47.83
12/21/2001,47.85
12/24/2001,47.95
12/25/2001,.
12/26/2001,47.95
12/27/2001,48.21
12/28/2001,48.29
12/31/2001,48.27
1/1/2002,.
1/2/2002,48.27
1/3/2002,48.28
1/4/2002,48.3
1/7/2002,48.28
1/8/2002,48.3
1/9/2002,48.32
1/10/2002,48.41
1/11/2002,48.44
1/14/2002,48.36
1/15/2002,48.31
1/16/2002,48.3
1/17/2002,48.31
1/18/2002,48.27
1/21/2002,.
1/22/2002,48.3
1/23/2002,48.35
1/24/2002,48.35
1/25/2002,48.38
1/28/2002,48.37
1/29/2002,48.43
1/30/2002,48.53
1/31/2002,48.56
2/1/2002,48.55
2/4/2002,48.61
2/5/2002,48.69
2/6/2002,48.71
2/7/2002,48.72
2/8/2002,48.7
2/11/2002,48.75
2/12/2002,48.69
2/13/2002,48.9
2/14/2002,48.71
2/15/2002,48.71
2/18/2002,.
2/19/2002,48.67
2/20/2002,48.64
2/21/2002,48.69
2/22/2002,48.79
2/25/2002,48.82
2/26/2002,48.75
2/27/2002,48.76
2/28/2002,48.76
3/1/2002,48.76
3/4/2002,48.72
3/5/2002,48.72
3/6/2002,48.71
3/7/2002,48.76
3/8/2002,48.76
3/11/2002,48.76
3/12/2002,48.76
3/13/2002,48.74
3/14/2002,48.77
3/15/2002,48.73
3/18/2002,48.74
3/19/2002,48.76
3/20/2002,48.76
3/21/2002,48.78
3/22/2002,48.8
3/25/2002,48.8
3/26/2002,48.78
3/27/2002,48.83
3/28/2002,48.83
3/29/2002,48.83
4/1/2002,48.83
4/2/2002,48.85
4/3/2002,48.91
4/4/2002,48.92
4/5/2002,48.86
4/8/2002,48.91
4/9/2002,48.92
4/10/2002,48.91
4/11/2002,48.93
4/12/2002,48.94
4/15/2002,48.96
4/16/2002,48.96
4/17/2002,48.96
4/18/2002,48.93
4/19/2002,48.92
4/22/2002,48.95
4/23/2002,49.01
4/24/2002,49
4/25/2002,49
4/26/2002,48.99
4/29/2002,49.01
4/30/2002,48.98
5/1/2002,48.98
5/2/2002,48.98
5/3/2002,49
5/6/2002,48.97
5/7/2002,48.99
5/8/2002,48.97
5/9/2002,48.99
5/10/2002,49.02
5/13/2002,49.03
5/14/2002,49.02
5/15/2002,49.04
5/16/2002,49.05
5/17/2002,49.04
5/20/2002,49.06
5/21/2002,49.01
5/22/2002,49.01
5/23/2002,49.07
5/24/2002,49.02
5/27/2002,.
5/28/2002,49.02
5/29/2002,49.01
5/30/2002,49.03
5/31/2002,49.06
6/3/2002,49.07
6/4/2002,49.07
6/5/2002,49.05
6/6/2002,49.03
6/7/2002,49.05
6/10/2002,49.02
6/11/2002,49
6/12/2002,49
6/13/2002,49.04
6/14/2002,49.03
6/17/2002,49.02
6/18/2002,48.99
6/19/2002,48.94
6/20/2002,48.94
6/21/2002,48.95
6/24/2002,48.91
6/25/2002,48.93
6/26/2002,48.87
6/27/2002,48.86
6/28/2002,48.91
7/1/2002,48.86
7/2/2002,48.87
7/3/2002,48.83
7/4/2002,.
7/5/2002,48.86
7/8/2002,48.84
7/9/2002,48.82
7/10/2002,48.82
7/11/2002,48.81
7/12/2002,48.8
7/15/2002,48.85
7/16/2002,48.83
7/17/2002,48.81
7/18/2002,48.82
7/19/2002,48.75
7/22/2002,48.73
7/23/2002,48.72
7/24/2002,48.7
7/25/2002,48.71
7/26/2002,48.71
7/29/2002,48.76
7/30/2002,48.74
7/31/2002,48.69
8/1/2002,48.68
8/2/2002,48.68
8/5/2002,48.67
8/6/2002,48.73
8/7/2002,48.7
8/8/2002,48.68
8/9/2002,48.67
8/12/2002,48.64
8/13/2002,48.62
8/14/2002,48.63
8/15/2002,48.63
8/16/2002,48.6
8/19/2002,48.61
8/20/2002,48.59
8/21/2002,48.56
8/22/2002,48.55
8/23/2002,48.55
8/26/2002,48.55
8/27/2002,48.53
8/28/2002,48.6
8/29/2002,48.54
8/30/2002,48.52
9/2/2002,.
9/3/2002,48.5
9/4/2002,48.48
9/5/2002,48.5
9/6/2002,48.57
9/9/2002,48.52
9/10/2002,48.52
9/11/2002,48.48
9/12/2002,48.48
9/13/2002,48.47
9/16/2002,48.43
9/17/2002,48.45
9/18/2002,48.43
9/19/2002,48.44
9/20/2002,48.46
9/23/2002,48.44
9/24/2002,48.42
9/25/2002,48.43
9/26/2002,48.43
9/27/2002,48.4
9/30/2002,48.4
10/1/2002,48.39
10/2/2002,48.39
10/3/2002,48.38
10/4/2002,48.38
10/7/2002,48.35
10/8/2002,48.39
10/9/2002,48.34
10/10/2002,48.38
10/11/2002,48.36
10/14/2002,.
10/15/2002,48.36
10/16/2002,48.41
10/17/2002,48.42
10/18/2002,48.44
10/21/2002,48.38
10/22/2002,48.39
10/23/2002,48.35
10/24/2002,48.42
10/25/2002,48.41
10/28/2002,48.45
10/29/2002,48.41
10/30/2002,48.35
10/31/2002,48.39
11/1/2002,48.36
11/4/2002,48.36
11/5/2002,48.35
11/6/2002,48.36
11/7/2002,48.34
11/8/2002,48.29
11/11/2002,.
11/12/2002,48.3
11/13/2002,48.3
11/14/2002,48.29
11/15/2002,48.23
11/18/2002,48.23
11/19/2002,48.23
11/20/2002,48.25
11/21/2002,48.21
11/22/2002,48.22
11/25/2002,48.23
11/26/2002,48.24
11/27/2002,48.27
11/28/2002,.
11/29/2002,48.36
12/2/2002,48.32
12/3/2002,48.28
12/4/2002,48.23
12/5/2002,48.27
12/6/2002,48.24
12/9/2002,48.24
12/10/2002,48.24
12/11/2002,48.18
12/12/2002,48.22
12/13/2002,48.2
12/16/2002,48.18
12/17/2002,48.16
12/18/2002,48.15
12/19/2002,48.11
12/20/2002,48.03
12/23/2002,48.03
12/24/2002,48.04
12/25/2002,.
12/26/2002,48.05
12/27/2002,48.01
12/30/2002,47.96
12/31/2002,48
1/1/2003,.
1/2/2003,48.05
1/3/2003,48.03
1/6/2003,48.01
1/7/2003,48
1/8/2003,48
1/9/2003,47.96
1/10/2003,48
1/13/2003,47.96
1/14/2003,47.95
1/15/2003,47.97
1/16/2003,47.96
1/17/2003,47.96
1/20/2003,.
1/21/2003,47.97
1/22/2003,47.93
1/23/2003,47.92
1/24/2003,47.9
1/27/2003,48.1
1/28/2003,47.92
1/29/2003,47.83
1/30/2003,47.85
1/31/2003,47.83
2/3/2003,47.8
2/4/2003,47.82
2/5/2003,47.77
2/6/2003,47.8
2/7/2003,47.72
2/10/2003,47.69
2/11/2003,47.7
2/12/2003,47.89
2/13/2003,47.87
2/14/2003,47.92
2/17/2003,.
2/18/2003,47.75
2/19/2003,47.7
2/20/2003,47.65
2/21/2003,47.65
2/24/2003,47.74
2/25/2003,47.74
2/26/2003,47.67
2/27/2003,47.66
2/28/2003,47.66
3/3/2003,47.7
3/4/2003,47.85
3/5/2003,47.8
3/6/2003,47.63
3/7/2003,47.8
3/10/2003,47.7
3/11/2003,47.64
3/12/2003,47.65
3/13/2003,47.66
3/14/2003,47.66
3/17/2003,47.68
3/18/2003,47.68
3/19/2003,47.72
3/20/2003,47.75
3/21/2003,47.66
3/24/2003,47.68
3/25/2003,47.64
3/26/2003,47.64
3/27/2003,47.59
3/28/2003,47.55
3/31/2003,47.53
4/1/2003,47.45
4/2/2003,47.4
4/3/2003,47.43
4/4/2003,47.44
4/7/2003,47.44
4/8/2003,47.46
4/9/2003,47.45
4/10/2003,47.4
4/11/2003,47.38
4/14/2003,47.44
4/15/2003,47.36
4/16/2003,47.38
4/17/2003,47.34
4/18/2003,47.34
4/21/2003,47.38
4/22/2003,47.34
4/23/2003,47.35
4/24/2003,47.36
4/25/2003,47.37
4/28/2003,47.35
4/29/2003,47.37
4/30/2003,47.37
5/1/2003,47.35
5/2/2003,47.35
5/5/2003,47.3
5/6/2003,47.28
5/7/2003,47.28
5/8/2003,47.25
5/9/2003,47.2
5/12/2003,47.18
5/13/2003,47.15
5/14/2003,47.15
5/15/2003,47.13
5/16/2003,47.12
5/19/2003,46.99
5/20/2003,46.95
5/21/2003,46.9
5/22/2003,46.91
5/23/2003,46.87
5/26/2003,.
5/27/2003,46.85
5/28/2003,46.98
5/29/2003,47.05
5/30/2003,47.07
6/2/2003,47.15
6/3/2003,46.95
6/4/2003,46.85
6/5/2003,46.84
6/6/2003,46.88
6/9/2003,46.87
6/10/2003,46.79
6/11/2003,46.7
6/12/2003,46.73
6/13/2003,46.7
6/16/2003,46.66
6/17/2003,46.59
6/18/2003,46.62
6/19/2003,46.61
6/20/2003,46.57
6/23/2003,46.66
6/24/2003,46.57
6/25/2003,46.58
6/26/2003,46.57
6/27/2003,46.4
6/30/2003,46.4
7/1/2003,46.49
7/2/2003,46.36
7/3/2003,46.4
7/4/2003,.
7/7/2003,46.34
7/8/2003,46.3
7/9/2003,46.24
7/10/2003,46.21
7/11/2003,46.1
7/14/2003,46.06
7/15/2003,46.13
7/16/2003,46.23
7/17/2003,46.23
7/18/2003,46.29
7/21/2003,46.27
7/22/2003,46.15
7/23/2003,46.16
7/24/2003,46.15
7/25/2003,46.15
7/28/2003,46.15
7/29/2003,46.13
7/30/2003,46.15
7/31/2003,46.15
8/1/2003,46.18
8/4/2003,46.15
8/5/2003,46.14
8/6/2003,46.05
8/7/2003,45.98
8/8/2003,46.01
8/11/2003,45.99
8/12/2003,45.89
8/13/2003,45.95
8/14/2003,46
8/15/2003,46
8/18/2003,45.9
8/19/2003,45.85
8/20/2003,45.88
8/21/2003,45.8
8/22/2003,45.88
8/25/2003,45.9
8/26/2003,45.88
8/27/2003,45.88
8/28/2003,45.88
8/29/2003,45.88
9/1/2003,.
9/2/2003,45.88
9/3/2003,45.9
9/4/2003,45.8
9/5/2003,45.88
9/8/2003,45.85
9/9/2003,45.8
9/10/2003,45.82
9/11/2003,45.72
9/12/2003,45.8
9/15/2003,45.8
9/16/2003,45.9
9/17/2003,45.95
9/18/2003,46
9/19/2003,45.98
9/22/2003,45.77
9/23/2003,45.77
9/24/2003,45.88
9/25/2003,45.88
9/26/2003,45.77
9/29/2003,45.85
9/30/2003,45.78
10/1/2003,45.7
10/2/2003,45.43
10/3/2003,45.33
10/6/2003,45.49
10/7/2003,45.33
10/8/2003,45.43
10/9/2003,45.29
10/10/2003,45.42
10/13/2003,.
10/14/2003,45.66
10/15/2003,45.7
10/16/2003,45.33
10/17/2003,45.33
10/20/2003,45.36
10/21/2003,45.33
10/22/2003,45.35
10/23/2003,45.33
10/24/2003,45.32
10/27/2003,45.4
10/28/2003,45.31
10/29/2003,45.36
10/30/2003,45.35
10/31/2003,45.33
11/3/2003,45.32
11/4/2003,45.31
11/5/2003,45.34
11/6/2003,45.3
11/7/2003,45.33
11/10/2003,45.33
11/11/2003,.
11/12/2003,45.36
11/13/2003,45.39
11/14/2003,45.44
11/17/2003,45.55
11/18/2003,45.62
11/19/2003,45.63
11/20/2003,45.78
11/21/2003,45.75
11/24/2003,45.88
11/25/2003,45.95
11/26/2003,45.88
11/27/2003,.
11/28/2003,45.82
12/1/2003,45.77
12/2/2003,45.7
12/3/2003,45.63
12/4/2003,45.66
12/5/2003,45.66
12/8/2003,45.55
12/9/2003,45.55
12/10/2003,45.55
12/11/2003,45.55
12/12/2003,45.55
12/15/2003,45.55
12/16/2003,45.5
12/17/2003,45.55
12/18/2003,45.5
12/19/2003,45.54
12/22/2003,45.52
12/23/2003,45.52
12/24/2003,45.5
12/25/2003,.
12/26/2003,45.5
12/29/2003,45.66
12/30/2003,45.57
12/31/2003,45.55
1/1/2004,.
1/2/2004,45.68
1/5/2004,45.6
1/6/2004,45.66
1/7/2004,45.53
1/8/2004,45.55
1/9/2004,45.48
1/12/2004,45.44
1/13/2004,45.44
1/14/2004,45.42
1/15/2004,45.44
1/16/2004,45.45
1/19/2004,.
1/20/2004,45.43
1/21/2004,45.43
1/22/2004,45.43
1/23/2004,45.43
1/26/2004,45.36
1/27/2004,45.38
1/28/2004,45.36
1/29/2004,45.29
1/30/2004,45.32
2/2/2004,45.3
2/3/2004,45.3
2/4/2004,45.3
2/5/2004,45.29
2/6/2004,45.3
2/9/2004,45.25
2/10/2004,45.22
2/11/2004,45.24
2/12/2004,45.23
2/13/2004,45.24
2/16/2004,.
2/17/2004,45.28
2/18/2004,45.24
2/19/2004,45.28
2/20/2004,45.23
2/23/2004,45.32
2/24/2004,45.32
2/25/2004,45.25
2/26/2004,45.27
2/27/2004,45.32
3/1/2004,45.32
3/2/2004,45.25
3/3/2004,45.22
3/4/2004,45.32
3/5/2004,45.32
3/8/2004,45.26
3/9/2004,45.23
3/10/2004,45.25
3/11/2004,45.28
3/12/2004,45.22
3/15/2004,45.25
3/16/2004,45.22
3/17/2004,45.27
3/18/2004,45.25
3/19/2004,45.2
3/22/2004,45.145
3/23/2004,44.85
3/24/2004,44.8
3/25/2004,44.73
3/26/2004,44.44
3/29/2004,44
3/30/2004,44.07
3/31/2004,43.4
4/1/2004,43.4
4/2/2004,43.75
4/5/2004,43.67
4/6/2004,43.7
4/7/2004,43.55
4/8/2004,43.6
4/9/2004,43.45
4/12/2004,43.66
4/13/2004,43.75
4/14/2004,43.69
4/15/2004,44
4/16/2004,43.85
4/19/2004,43.88
4/20/2004,43.97
4/21/2004,44.1
4/22/2004,44.14
4/23/2004,44
4/26/2004,44.1
4/27/2004,44.23
4/28/2004,44.21
4/29/2004,44.4
4/30/2004,44.52
5/3/2004,44.88
5/4/2004,44.7
5/5/2004,44.55
5/6/2004,44.65
5/7/2004,44.66
5/10/2004,44.95
5/11/2004,45.35
5/12/2004,45.35
5/13/2004,45.25
5/14/2004,45.57
5/17/2004,45.5
5/18/2004,45.47
5/19/2004,45.18
5/20/2004,45.28
5/21/2004,45.28
5/24/2004,45.31
5/25/2004,45.36
5/26/2004,45.4
5/27/2004,45.4
5/28/2004,45.42
5/31/2004,.
6/1/2004,45.43
6/2/2004,45.37
6/3/2004,45.22
6/4/2004,45.07
6/7/2004,45.1
6/8/2004,45.05
6/9/2004,44.94
6/10/2004,45.05
6/11/2004,45.09
6/14/2004,45.35
6/15/2004,45.38
6/16/2004,45.34
6/17/2004,45.49
6/18/2004,45.66
6/21/2004,45.88
6/22/2004,46.21
6/23/2004,45.7
6/24/2004,45.85
6/25/2004,45.85
6/28/2004,45.99
6/29/2004,46.05
6/30/2004,45.99
7/1/2004,45.88
7/2/2004,45.75
7/5/2004,.
7/6/2004,46.05
7/7/2004,45.84
7/8/2004,45.75
7/9/2004,45.66
7/12/2004,45.72
7/13/2004,45.86
7/14/2004,45.95
7/15/2004,46.08
7/16/2004,45.96
7/19/2004,46.11
7/20/2004,46.1
7/21/2004,46.13
7/22/2004,46.3
7/23/2004,46.35
7/26/2004,46.28
7/27/2004,46.25
7/28/2004,46.3
7/29/2004,46.45
7/30/2004,46.4
8/2/2004,46.35
8/3/2004,46.35
8/4/2004,46.36
8/5/2004,46.35
8/6/2004,46.33
8/9/2004,46.4
8/10/2004,46.34
8/11/2004,46.32
8/12/2004,46.21
8/13/2004,46.27
8/16/2004,46.36
8/17/2004,46.34
8/18/2004,46.34
8/19/2004,46.27
8/20/2004,46.25
8/23/2004,46.26
8/24/2004,46.295
8/25/2004,46.36
8/26/2004,46.35
8/27/2004,46.28
8/30/2004,46.35
8/31/2004,46.35
9/1/2004,46.34
9/2/2004,46.32
9/3/2004,46.33
9/6/2004,.
9/7/2004,46.35
9/8/2004,46.35
9/9/2004,46.3
9/10/2004,46.26
9/13/2004,46.18
9/14/2004,45.85
9/15/2004,45.81
9/16/2004,45.82
9/17/2004,45.84
9/20/2004,45.93
9/21/2004,45.86
9/22/2004,45.86
9/23/2004,45.87
9/24/2004,45.9
9/27/2004,45.97
9/28/2004,46.1
9/29/2004,46
9/30/2004,45.91
10/1/2004,45.85
10/4/2004,45.85
10/5/2004,45.86
10/6/2004,45.86
10/7/2004,45.86
10/8/2004,45.8
10/11/2004,.
10/12/2004,45.87
10/13/2004,45.83
10/14/2004,45.81
10/15/2004,45.85
10/18/2004,45.83
10/19/2004,45.85
10/20/2004,45.7
10/21/2004,45.65
10/22/2004,45.62
10/25/2004,45.58
10/26/2004,45.66
10/27/2004,45.57
10/28/2004,45.51
10/29/2004,45.3
11/1/2004,45.33
11/2/2004,45.4
11/3/2004,45.33
11/4/2004,45.1
11/5/2004,45.1
11/8/2004,45.08
11/9/2004,45.12
11/10/2004,45.14
11/11/2004,.
11/12/2004,45.04
11/15/2004,45.03
11/16/2004,45.01
11/17/2004,44.96
11/18/2004,45
11/19/2004,45
11/22/2004,44.97
11/23/2004,45.02
11/24/2004,44.94
11/25/2004,.
11/26/2004,44.94
11/29/2004,44.67
11/30/2004,44.47
12/1/2004,44.3
12/2/2004,44.1
12/3/2004,44
12/6/2004,43.51
12/7/2004,43.6
12/8/2004,44.15
12/9/2004,44.12
12/10/2004,44.52
12/13/2004,44.15
12/14/2004,44.05
12/15/2004,43.86
12/16/2004,43.75
12/17/2004,43.88
12/20/2004,43.85
12/21/2004,43.66
12/22/2004,43.8
12/23/2004,43.61
12/24/2004,43.63
12/27/2004,43.75
12/28/2004,43.63
12/29/2004,43.67
12/30/2004,43.62
12/31/2004,43.27
1/3/2005,43.35
1/4/2005,43.47
1/5/2005,43.6
1/6/2005,43.75
1/7/2005,43.63
1/10/2005,43.82
1/11/2005,43.68
1/12/2005,43.53
1/13/2005,43.52
1/14/2005,43.55
1/17/2005,.
1/18/2005,43.59
1/19/2005,43.61
1/20/2005,43.7
1/21/2005,43.64
1/24/2005,43.65
1/25/2005,43.65
1/26/2005,43.65
1/27/2005,43.65
1/28/2005,43.66
1/31/2005,43.6
2/1/2005,43.66
2/2/2005,43.28
2/3/2005,43.3
2/4/2005,43.34
2/7/2005,43.38
2/8/2005,43.58
2/9/2005,43.62
2/10/2005,43.68
2/11/2005,43.7
2/14/2005,43.64
2/15/2005,43.71
2/16/2005,43.65
2/17/2005,43.68
2/18/2005,43.73
2/21/2005,.
2/22/2005,43.63
2/23/2005,43.61
2/24/2005,43.57
2/25/2005,43.61
2/28/2005,43.57
3/1/2005,43.58
3/2/2005,43.59
3/3/2005,43.58
3/4/2005,43.64
3/7/2005,43.58
3/8/2005,43.58
3/9/2005,43.55
3/10/2005,43.48
3/11/2005,43.45
3/14/2005,43.44
3/15/2005,43.46
3/16/2005,43.5
3/17/2005,43.55
3/18/2005,43.67
3/21/2005,43.61
3/22/2005,43.61
3/23/2005,43.66
3/24/2005,43.65
3/25/2005,43.62
3/28/2005,43.67
3/29/2005,43.7
3/30/2005,43.69
3/31/2005,43.62
4/1/2005,43.62
4/4/2005,43.68
4/5/2005,43.69
4/6/2005,43.72
4/7/2005,43.69
4/8/2005,43.66
4/11/2005,43.6
4/12/2005,43.62
4/13/2005,43.65
4/14/2005,43.64
4/15/2005,43.7
4/18/2005,43.62
4/19/2005,43.7
4/20/2005,43.58
4/21/2005,43.68
4/22/2005,43.66
4/25/2005,43.61
4/26/2005,43.6
4/27/2005,43.6
4/28/2005,43.68
4/29/2005,43.48
5/2/2005,43.46
5/3/2005,43.56
5/4/2005,43.4
5/5/2005,43.33
5/6/2005,43.35
5/9/2005,43.45
5/10/2005,43.36
5/11/2005,43.21
5/12/2005,43.3
5/13/2005,43.35
5/16/2005,43.38
5/17/2005,43.41
5/18/2005,43.43
5/19/2005,43.45
5/20/2005,43.34
5/23/2005,43.45
5/24/2005,43.45
5/25/2005,43.43
5/26/2005,43.46
5/27/2005,43.41
5/30/2005,.
5/31/2005,43.62
6/1/2005,43.71
6/2/2005,43.64
6/3/2005,43.5
6/6/2005,43.58
6/7/2005,43.53
6/8/2005,43.46
6/9/2005,43.46
6/10/2005,43.48
6/13/2005,43.6
6/14/2005,43.57
6/15/2005,43.56
6/16/2005,43.55
6/17/2005,43.5
6/20/2005,43.53
6/21/2005,43.5
6/22/2005,43.45
6/23/2005,43.51
6/24/2005,43.5
6/27/2005,43.44
6/28/2005,43.46
6/29/2005,43.5
6/30/2005,43.51
7/1/2005,43.45
7/4/2005,.
7/5/2005,43.55
7/6/2005,43.45
7/7/2005,43.59
7/8/2005,43.51
7/11/2005,43.51
7/12/2005,43.45
7/13/2005,43.46
7/14/2005,43.48
7/15/2005,43.45
7/18/2005,43.47
7/19/2005,43.48
7/20/2005,43.46
7/21/2005,43.05
7/22/2005,43.4
7/25/2005,43.45
7/26/2005,43.41
7/27/2005,43.34
7/28/2005,43.32
7/29/2005,43.4
8/1/2005,43.37
8/2/2005,43.41
8/3/2005,43.36
8/4/2005,43.43
8/5/2005,43.42
8/8/2005,43.44
8/9/2005,43.46
8/10/2005,43.54
8/11/2005,43.5
8/12/2005,43.48
8/15/2005,43.45
8/16/2005,43.45
8/17/2005,43.46
8/18/2005,43.5
8/19/2005,43.51
8/22/2005,43.58
8/23/2005,43.57
8/24/2005,43.69
8/25/2005,43.6
8/26/2005,43.6
8/29/2005,43.86
8/30/2005,43.97
8/31/2005,44
9/1/2005,43.94
9/2/2005,43.87
9/5/2005,.
9/6/2005,43.82
9/7/2005,43.79
9/8/2005,43.78
9/9/2005,43.76
9/12/2005,43.75
9/13/2005,43.82
9/14/2005,43.83
9/15/2005,43.82
9/16/2005,43.81
9/19/2005,43.82
9/20/2005,43.82
9/21/2005,43.85
9/22/2005,43.8
9/23/2005,43.8
9/26/2005,43.86
9/27/2005,43.96
9/28/2005,43.98
9/29/2005,43.95
9/30/2005,43.94
10/3/2005,44
10/4/2005,44.1
10/5/2005,44.21
10/6/2005,44.18
10/7/2005,44.3
10/10/2005,.
10/11/2005,44.78
10/12/2005,44.74
10/13/2005,44.88
10/14/2005,44.76
10/17/2005,44.81
10/18/2005,45.05
10/19/2005,45.1
10/20/2005,45.11
10/21/2005,45.01
10/24/2005,45.11
10/25/2005,44.96
10/26/2005,45.01
10/27/2005,44.94
10/28/2005,45.01
10/31/2005,45.09
11/1/2005,45.02
11/2/2005,45.18
11/3/2005,45.23
11/4/2005,45.43
11/7/2005,45.78
11/8/2005,45.72
11/9/2005,45.73
11/10/2005,45.69
11/11/2005,.
11/14/2005,45.62
11/15/2005,45.61
11/16/2005,45.73
11/17/2005,45.67
11/18/2005,45.7
11/21/2005,45.7
11/22/2005,45.78
11/23/2005,45.71
11/24/2005,.
11/25/2005,45.77
11/28/2005,45.85
11/29/2005,45.84
11/30/2005,45.87
12/1/2005,45.97
12/2/2005,46.11
12/5/2005,46.26
12/6/2005,46.13
12/7/2005,46.17
12/8/2005,46.18
12/9/2005,46.11
12/12/2005,46
12/13/2005,46.01
12/14/2005,45.63
12/15/2005,45.28
12/16/2005,45.19
12/19/2005,44.94
12/20/2005,45.14
12/21/2005,45.17
12/22/2005,45.14
12/23/2005,45.11
12/26/2005,.
12/27/2005,45.17
12/28/2005,45.06
12/29/2005,45.11
12/30/2005,44.95
1/2/2006,.
1/3/2006,44.92
1/4/2006,44.73
1/5/2006,44.6
1/6/2006,44.32
1/9/2006,44.2
1/10/2006,44.14
1/11/2006,43.89
1/12/2006,43.99
1/13/2006,44.1
1/16/2006,.
1/17/2006,44.23
1/18/2006,44.29
1/19/2006,44.14
1/20/2006,44.1
1/23/2006,44.1
1/24/2006,44.19
1/25/2006,44.08
1/26/2006,44
1/27/2006,44
1/30/2006,44.04
1/31/2006,43.96
2/1/2006,44.13
2/2/2006,44.16
2/3/2006,44.14
2/6/2006,44.14
2/7/2006,44.15
2/8/2006,44.17
2/9/2006,44.1
2/10/2006,44.1
2/13/2006,44.17
2/14/2006,44.15
2/15/2006,44.15
2/16/2006,44.25
2/17/2006,44.33
2/20/2006,.
2/21/2006,44.36
2/22/2006,44.54
2/23/2006,44.36
2/24/2006,44.35
2/27/2006,44.41
2/28/2006,44.21
3/1/2006,44.35
3/2/2006,44.18
3/3/2006,44.09
3/6/2006,44.18
3/7/2006,44.24
3/8/2006,44.36
3/9/2006,44.3
3/10/2006,44.31
3/13/2006,44.38
3/14/2006,44.37
3/15/2006,44.11
3/16/2006,44.29
3/17/2006,44.26
3/20/2006,44.25
3/21/2006,44.29
3/22/2006,44.36
3/23/2006,44.43
3/24/2006,44.49
3/27/2006,44.58
3/28/2006,44.49
3/29/2006,44.53
3/30/2006,44.45
3/31/2006,44.48
4/3/2006,44.39
4/4/2006,44.58
4/5/2006,44.42
4/6/2006,44.49
4/7/2006,44.46
4/10/2006,44.66
4/11/2006,44.68
4/12/2006,45.09
4/13/2006,45.05
4/14/2006,45.02
4/17/2006,44.97
4/18/2006,45.08
4/19/2006,45.01
4/20/2006,45.06
4/21/2006,45.05
4/24/2006,44.86
4/25/2006,44.88
4/26/2006,45.04
4/27/2006,44.84
4/28/2006,44.86
5/1/2006,44.77
5/2/2006,44.82
5/3/2006,44.81
5/4/2006,44.81
5/5/2006,44.85
5/8/2006,44.82
5/9/2006,44.84
5/10/2006,44.84
5/11/2006,44.88
5/12/2006,44.89
5/15/2006,45.37
5/16/2006,45.05
5/17/2006,44.69
5/18/2006,45.26
5/19/2006,45.35
5/22/2006,45.42
5/23/2006,45.38
5/24/2006,45.56
5/25/2006,45.74
5/26/2006,45.81
5/29/2006,.
5/30/2006,46.13
5/31/2006,46.22
6/1/2006,46.19
6/2/2006,45.67
6/5/2006,45.7
6/6/2006,45.8
6/7/2006,45.89
6/8/2006,45.91
6/9/2006,45.81
6/12/2006,45.71
6/13/2006,45.81
6/14/2006,45.5
6/15/2006,45.83
6/16/2006,45.69
6/19/2006,45.76
6/20/2006,45.8
6/21/2006,45.8
6/22/2006,45.99
6/23/2006,46.01
6/26/2006,46.22
6/27/2006,46.21
6/28/2006,46.25
6/29/2006,46.13
6/30/2006,45.87
7/3/2006,45.92
7/4/2006,.
7/5/2006,45.92
7/6/2006,45.99
7/7/2006,45.84
7/10/2006,45.97
7/11/2006,46.01
7/12/2006,46.09
7/13/2006,46.16
7/14/2006,46.19
7/17/2006,46.64
7/18/2006,46.61
7/19/2006,46.81
7/20/2006,46.75
7/21/2006,46.64
7/24/2006,46.83
7/25/2006,46.76
7/26/2006,46.68
7/27/2006,46.52
7/28/2006,46.53
7/31/2006,46.49
8/1/2006,46.51
8/2/2006,46.61
8/3/2006,46.48
8/4/2006,46.42
8/7/2006,46.51
8/8/2006,46.47
8/9/2006,46.4
8/10/2006,46.32
8/11/2006,46.5
8/14/2006,46.52
8/15/2006,46.47
8/16/2006,46.47
8/17/2006,46.36
8/18/2006,46.38
8/21/2006,46.4
8/22/2006,46.44
8/23/2006,46.45
8/24/2006,46.42
8/25/2006,46.41
8/28/2006,46.47
8/29/2006,46.45
8/30/2006,46.37
8/31/2006,46.43
9/1/2006,46.38
9/4/2006,.
9/5/2006,46.19
9/6/2006,46.13
9/7/2006,46.14
9/8/2006,46.06
9/11/2006,46.19
9/12/2006,46.27
9/13/2006,46.18
9/14/2006,46.12
9/15/2006,45.95
9/18/2006,46.09
9/19/2006,46.08
9/20/2006,45.83
9/21/2006,45.74
9/22/2006,45.77
9/25/2006,45.83
9/26/2006,45.77
9/27/2006,45.76
9/28/2006,45.78
9/29/2006,45.95
10/2/2006,45.97
10/3/2006,45.68
10/4/2006,45.65
10/5/2006,45.57
10/6/2006,45.42
10/9/2006,.
10/10/2006,45.67
10/11/2006,45.55
10/12/2006,45.52
10/13/2006,45.31
10/16/2006,45.35
10/17/2006,45.19
10/18/2006,45.28
10/19/2006,45.22
10/20/2006,45.18
10/23/2006,45.3
10/24/2006,45.18
10/25/2006,45.36
10/26/2006,45.19
10/27/2006,45.07
10/30/2006,44.9
10/31/2006,44.9
11/1/2006,44.79
11/2/2006,44.82
11/3/2006,44.76
11/6/2006,44.8
11/7/2006,44.62
11/8/2006,44.59
11/9/2006,44.46
11/10/2006,44.55
11/13/2006,44.83
11/14/2006,45.05
11/15/2006,45.26
11/16/2006,44.82
11/17/2006,44.75
11/20/2006,44.89
11/21/2006,44.77
11/22/2006,44.62
11/23/2006,.
11/24/2006,44.59
11/27/2006,44.56
11/28/2006,44.58
11/29/2006,44.54
11/30/2006,44.59
12/1/2006,44.5
12/4/2006,44.49
12/5/2006,44.42
12/6/2006,44.6
12/7/2006,44.52
12/8/2006,44.53
12/11/2006,44.69
12/12/2006,44.7
12/13/2006,44.68
12/14/2006,44.56
12/15/2006,44.54
12/18/2006,44.63
12/19/2006,44.61
12/20/2006,44.55
12/21/2006,44.51
12/22/2006,44.37
12/25/2006,.
12/26/2006,44.32
12/27/2006,44.2
12/28/2006,44.14
12/29/2006,44.11
1/1/2007,.
1/2/2007,44.13
1/3/2007,44.24
1/4/2007,44.16
1/5/2007,44.2
1/8/2007,44.32
1/9/2007,44.27
1/10/2007,44.44
1/11/2007,44.49
1/12/2007,44.43
1/15/2007,.
1/16/2007,44.2
1/17/2007,44.09
1/18/2007,44.15
1/19/2007,44.15
1/22/2007,44.11
1/23/2007,44.14
1/24/2007,44.15
1/25/2007,44.15
1/26/2007,44.08
1/29/2007,44.13
1/30/2007,44.23
1/31/2007,44.07
2/1/2007,44.01
2/2/2007,44
2/5/2007,44.03
2/6/2007,44.03
2/7/2007,44.01
2/8/2007,43.98
2/9/2007,43.93
2/12/2007,44
2/13/2007,44.02
2/14/2007,44
2/15/2007,43.91
2/16/2007,43.87
2/19/2007,.
2/20/2007,44.12
2/21/2007,44
2/22/2007,44.05
2/23/2007,44.08
2/26/2007,44.04
2/27/2007,44.21
2/28/2007,44.08
3/1/2007,44.11
3/2/2007,44.1
3/5/2007,44.43
3/6/2007,44.18
3/7/2007,44.18
3/8/2007,44.19
3/9/2007,44.07
3/12/2007,44.11
3/13/2007,44.08
3/14/2007,44.25
3/15/2007,44.19
3/16/2007,44.08
3/19/2007,44.04
3/20/2007,43.53
3/21/2007,43.28
3/22/2007,43.52
3/23/2007,43.56
3/26/2007,43.2
3/27/2007,43.03
3/28/2007,42.78
3/29/2007,43.45
3/30/2007,43.1
4/2/2007,43.05
4/3/2007,43.04
4/4/2007,42.84
4/5/2007,42.76
4/6/2007,42.74
4/9/2007,42.65
4/10/2007,42.65
4/11/2007,42.69
4/12/2007,42.65
4/13/2007,42.42
4/16/2007,41.75
4/17/2007,41.98
4/18/2007,42
4/19/2007,42.08
4/20/2007,41.7
4/23/2007,41.65
4/24/2007,40.75
4/25/2007,40.58
4/26/2007,40.56
4/27/2007,40.79
4/30/2007,41.04
5/1/2007,41
5/2/2007,41.04
5/3/2007,40.82
5/4/2007,40.58
5/7/2007,40.53
5/8/2007,40.64
5/9/2007,40.67
5/10/2007,41.04
5/11/2007,40.74
5/14/2007,40.59
5/15/2007,40.64
5/16/2007,40.58
5/17/2007,40.59
5/18/2007,40.36
5/21/2007,40.48
5/22/2007,40.14
5/23/2007,40.28
5/24/2007,40.43
5/25/2007,40.28
5/28/2007,.
5/29/2007,40.19
5/30/2007,40.53
5/31/2007,40.36
6/1/2007,40.27
6/4/2007,40.5
6/5/2007,40.28
6/6/2007,40.41
6/7/2007,40.51
6/8/2007,40.82
6/11/2007,40.55
6/12/2007,40.48
6/13/2007,40.7
6/14/2007,40.66
6/15/2007,40.52
6/18/2007,40.5
6/19/2007,40.58
6/20/2007,40.59
6/21/2007,40.59
6/22/2007,40.55
6/25/2007,40.73
6/26/2007,40.9
6/27/2007,40.88
6/28/2007,40.8
6/29/2007,40.58
7/2/2007,40.42
7/3/2007,40.41
7/4/2007,.
7/5/2007,40.34
7/6/2007,40.36
7/9/2007,40.37
7/10/2007,40.3
7/11/2007,40.31
7/12/2007,40.28
7/13/2007,40.26
7/16/2007,40.22
7/17/2007,40.23
7/18/2007,40.23
7/19/2007,40.26
7/20/2007,40.18
7/23/2007,40.12
7/24/2007,40.15
7/25/2007,40.24
7/26/2007,40.24
7/27/2007,40.38
7/30/2007,40.27
7/31/2007,40.18
8/1/2007,40.25
8/2/2007,40.36
8/3/2007,40.25
8/6/2007,40.25
8/7/2007,40.26
8/8/2007,40.29
8/9/2007,40.4
8/10/2007,40.45
8/13/2007,40.4
8/14/2007,40.8
8/15/2007,40.55
8/16/2007,41.15
8/17/2007,41.04
8/20/2007,40.91
8/21/2007,41.01
8/22/2007,40.77
8/23/2007,41
8/24/2007,40.9
8/27/2007,40.88
8/28/2007,41.1
8/29/2007,40.95
8/30/2007,41.02
8/31/2007,40.63
9/3/2007,40.63
9/4/2007,40.76
9/5/2007,40.81
9/6/2007,40.6
9/7/2007,40.4
9/10/2007,40.48
9/11/2007,40.36
9/12/2007,40.34
9/13/2007,40.25
9/14/2007,40.4
9/17/2007,40.52
9/18/2007,40.45
9/19/2007,39.81
9/20/2007,39.87
9/21/2007,39.84
9/24/2007,39.5
9/25/2007,39.55
9/26/2007,39.5
9/27/2007,39.65
9/28/2007,39.75
10/1/2007,39.7
10/2/2007,39.65
10/3/2007,39.38
10/4/2007,39.37
10/5/2007,39.47
10/8/2007,39.47
10/9/2007,38.48
10/10/2007,39.13
10/11/2007,39.2
10/12/2007,39.16
10/15/2007,39.29
10/16/2007,39.23
10/17/2007,39.35
10/18/2007,39.72
10/19/2007,39.6
10/22/2007,39.72
10/23/2007,39.48
10/24/2007,39.49
10/25/2007,39.35
10/26/2007,39.3
10/29/2007,39.32
10/30/2007,39.3
10/31/2007,39.26
11/1/2007,39.22
11/2/2007,39.25
11/5/2007,39.18
11/6/2007,39.23
11/7/2007,39.15
11/8/2007,39.13
11/9/2007,39.11
11/12/2007,.
11/13/2007,39.22
11/14/2007,39.18
11/15/2007,39.18
11/16/2007,39.24
11/19/2007,39.23
11/20/2007,39.32
11/21/2007,39.29
11/22/2007,39.29
11/23/2007,39.65
11/26/2007,39.58
11/27/2007,39.68
11/28/2007,39.56
11/29/2007,39.65
11/30/2007,39.52
12/3/2007,39.39
12/4/2007,39.33
12/5/2007,39.31
12/6/2007,39.39
12/7/2007,39.36
12/10/2007,39.3
12/11/2007,39.31
12/12/2007,39.29
12/13/2007,39.29
12/14/2007,39.3
12/17/2007,39.49
12/18/2007,39.48
12/19/2007,39.55
12/20/2007,39.41
12/21/2007,39.3
12/24/2007,39.38
12/25/2007,.
12/26/2007,39.38
12/27/2007,39.4
12/28/2007,39.43
12/31/2007,39.41
1/1/2008,.
1/2/2008,39.41
1/3/2008,39.26
1/4/2008,39.15
1/7/2008,39.15
1/8/2008,39.13
1/9/2008,39.13
1/10/2008,39.27
1/11/2008,39.15
1/14/2008,39.14
1/15/2008,39.26
1/16/2008,39.29
1/17/2008,39.16
1/18/2008,39.2
1/21/2008,.
1/22/2008,39.38
1/23/2008,39.55
1/24/2008,39.37
1/25/2008,39.33
1/28/2008,39.35
1/29/2008,39.28
1/30/2008,39.35
1/31/2008,39.31
2/1/2008,39.12
2/4/2008,39.13
2/5/2008,39.4
2/6/2008,39.49
2/7/2008,39.43
2/8/2008,39.61
2/11/2008,39.6
2/12/2008,39.56
2/13/2008,39.75
2/14/2008,39.57
2/15/2008,39.65
2/18/2008,.
2/19/2008,39.91
2/20/2008,40.11
2/21/2008,39.83
2/22/2008,40.04
2/25/2008,39.9
2/26/2008,39.89
2/27/2008,39.68
2/28/2008,39.84
2/29/2008,39.96
3/3/2008,40.33
3/4/2008,40.27
3/5/2008,40.19
3/6/2008,40.13
3/7/2008,40.42
3/10/2008,40.39
3/11/2008,40.23
3/12/2008,40.02
3/13/2008,40.18
3/14/2008,40.4
3/17/2008,40.46
3/18/2008,40.2
3/19/2008,40
3/20/2008,40.32
3/21/2008,39.86
3/24/2008,40.03
3/25/2008,39.93
3/26/2008,39.96
3/27/2008,39.95
3/28/2008,39.76
3/31/2008,40.02
4/1/2008,39.88
4/2/2008,39.88
4/3/2008,39.94
4/4/2008,39.93
4/7/2008,39.96
4/8/2008,39.9
4/9/2008,39.91
4/10/2008,39.89
4/11/2008,39.84
4/14/2008,39.86
4/15/2008,39.83
4/16/2008,39.89
4/17/2008,39.79
4/18/2008,39.73
4/21/2008,39.92
4/22/2008,39.93
4/23/2008,40
4/24/2008,40.14
4/25/2008,40.13
4/28/2008,40.1
4/29/2008,40.37
4/30/2008,40.45
5/1/2008,40.58
5/2/2008,40.55
5/5/2008,40.45
5/6/2008,40.8
5/7/2008,41.3
5/8/2008,41.66
5/9/2008,41.55
5/12/2008,42
5/13/2008,42.08
5/14/2008,42.34
5/15/2008,42.6
5/16/2008,42.5
5/19/2008,42.46
5/20/2008,42.5
5/21/2008,42.77
5/22/2008,42.93
5/23/2008,42.68
5/26/2008,.
5/27/2008,42.86
5/28/2008,42.75
5/29/2008,42.53
5/30/2008,42.15
6/2/2008,42.38
6/3/2008,42.5
6/4/2008,42.6
6/5/2008,42.82
6/6/2008,42.63
6/9/2008,42.85
6/10/2008,42.92
6/11/2008,42.65
6/12/2008,42.7
6/13/2008,42.86
6/16/2008,42.93
6/17/2008,42.86
6/18/2008,42.8
6/19/2008,42.91
6/20/2008,42.86
6/23/2008,42.97
6/24/2008,42.75
6/25/2008,42.73
6/26/2008,42.6
6/27/2008,42.78
6/30/2008,42.93
7/1/2008,43.23
7/2/2008,43.15
7/3/2008,43.17
7/4/2008,.
7/7/2008,43.29
7/8/2008,43.23
7/9/2008,43.02
7/10/2008,42.94
7/11/2008,42.8
7/14/2008,42.8
7/15/2008,43.12
7/16/2008,43.05
7/17/2008,42.7
7/18/2008,42.66
7/21/2008,42.57
7/22/2008,42.65
7/23/2008,42.05
7/24/2008,42.1
7/25/2008,41.1
7/28/2008,42.52
7/29/2008,42.56
7/30/2008,42.28
7/31/2008,42.47
8/1/2008,42.26
8/4/2008,42.45
8/5/2008,42.15
8/6/2008,42.01
8/7/2008,42.05
8/8/2008,42.05
8/11/2008,42.06
8/12/2008,42.34
8/13/2008,42.55
8/14/2008,43
8/15/2008,42.8
8/18/2008,43.49
8/19/2008,43.51
8/20/2008,43.61
8/21/2008,43.43
8/22/2008,43.32
8/25/2008,43.68
8/26/2008,43.74
8/27/2008,43.62
8/28/2008,43.65
8/29/2008,43.25
9/1/2008,.
9/2/2008,44.4
9/3/2008,43.95
9/4/2008,44.26
9/5/2008,44.63
9/8/2008,44.5
9/9/2008,44.83
9/10/2008,45.14
9/11/2008,45.46
9/12/2008,45.62
9/15/2008,45.93
9/16/2008,46.81
9/17/2008,46.16
9/18/2008,46.36
9/19/2008,45.71
9/22/2008,45.3
9/23/2008,45.65
9/24/2008,45.92
9/25/2008,46.08
9/26/2008,46.48
9/29/2008,46.49
9/30/2008,46.45
10/1/2008,46.47
10/2/2008,46.63
10/3/2008,47.01
10/6/2008,47.77
10/7/2008,47.78
10/8/2008,48
10/9/2008,48
10/10/2008,48.41
10/13/2008,.
10/14/2008,47.93
10/15/2008,48.53
10/16/2008,48.88
10/17/2008,48.88
10/20/2008,48.96
10/21/2008,49.1
10/22/2008,49.25
10/23/2008,49.82
10/24/2008,49.96
10/27/2008,49.8
10/28/2008,49.57
10/29/2008,49.71
10/30/2008,49.68
10/31/2008,49.4
11/3/2008,48.61
11/4/2008,47.25
11/5/2008,47.28
11/6/2008,47.64
11/7/2008,47.54
11/10/2008,47.3
11/11/2008,.
11/12/2008,49.2
11/13/2008,49
11/14/2008,48.78
11/17/2008,49.19
11/18/2008,49.51
11/19/2008,49.84
11/20/2008,50.12
11/21/2008,49.53
11/24/2008,49.94
11/25/2008,49.87
11/26/2008,49.18
11/27/2008,.
11/28/2008,49.55
12/1/2008,49.94
12/2/2008,50.05
12/3/2008,49.92
12/4/2008,49.82
12/5/2008,49.6
12/8/2008,49.44
12/9/2008,49.28
12/10/2008,48.7
12/11/2008,48.19
12/12/2008,48.2
12/15/2008,47.62
12/16/2008,47.81
12/17/2008,47.5
12/18/2008,46.74
12/19/2008,47.05
12/22/2008,47.71
12/23/2008,48.66
12/24/2008,47.76
12/25/2008,.
12/26/2008,48.42
12/29/2008,48.25
12/30/2008,48.05
12/31/2008,48.58
1/1/2009,.
1/2/2009,48.25
1/5/2009,48.5
1/6/2009,48.5
1/7/2009,48.56
1/8/2009,48.45
1/9/2009,48.26
1/12/2009,48.78
1/13/2009,48.89
1/14/2009,48.75
1/15/2009,48.87
1/16/2009,48.62
1/19/2009,.
1/20/2009,49.01
1/21/2009,49
1/22/2009,49.07
1/23/2009,49
1/26/2009,48.5
1/27/2009,48.85
1/28/2009,48.81
1/29/2009,48.49
1/30/2009,48.83
2/2/2009,48.84
2/3/2009,48.37
2/4/2009,48.68
2/5/2009,48.72
2/6/2009,48.61
2/9/2009,48.52
2/10/2009,48.68
2/11/2009,48.78
2/12/2009,48.7
2/13/2009,48.58
2/16/2009,.
2/17/2009,49.6
2/18/2009,49.84
2/19/2009,49.73
2/20/2009,49.71
2/23/2009,49.46
2/24/2009,49.75
2/25/2009,49.95
2/26/2009,50.32
2/27/2009,50.88
3/2/2009,51.8
3/3/2009,51.96
3/4/2009,51.53
3/5/2009,51.6
3/6/2009,51.68
3/9/2009,51.91
3/10/2009,51.35
3/11/2009,50.98
3/12/2009,51.69
3/13/2009,51.54
3/16/2009,51.31
3/17/2009,51.42
3/18/2009,51.22
3/19/2009,50.21
3/20/2009,50.51
3/23/2009,50.38
3/24/2009,50.4
3/25/2009,50.5
3/26/2009,50.4
3/27/2009,50.46
3/30/2009,51.12
3/31/2009,50.87
4/1/2009,50.48
4/2/2009,50.22
4/3/2009,49.91
4/6/2009,50.01
4/7/2009,50
4/8/2009,50.28
4/9/2009,49.82
4/10/2009,49.78
4/13/2009,49.77
4/14/2009,49.62
4/15/2009,49.55
4/16/2009,49.63
4/17/2009,49.8
4/20/2009,49.78
4/21/2009,50.45
4/22/2009,50.2
4/23/2009,49.88
4/24/2009,49.69
4/27/2009,50.15
4/28/2009,50.47
4/29/2009,50.05
4/30/2009,49.7
5/1/2009,49.65
5/4/2009,49.75
5/5/2009,49.22
5/6/2009,49.4
5/7/2009,49.09
5/8/2009,49.13
5/11/2009,49.44
5/12/2009,49.21
5/13/2009,49.58
5/14/2009,49.65
5/15/2009,49.38
5/18/2009,47.58
5/19/2009,47.65
5/20/2009,47.3
5/21/2009,47.3
5/22/2009,46.95
5/25/2009,.
5/26/2009,47.7
5/27/2009,47.61
5/28/2009,47.5
5/29/2009,47.11
6/1/2009,46.78
6/2/2009,46.84
6/3/2009,46.88
6/4/2009,47.19
6/5/2009,47.05
6/8/2009,47.5
6/9/2009,47.3
6/10/2009,47.18
6/11/2009,47.49
6/12/2009,47.6
6/15/2009,47.67
6/16/2009,47.61
6/17/2009,47.96
6/18/2009,48.18
6/19/2009,48
6/22/2009,48.5
6/23/2009,48.45
6/24/2009,48.4
6/25/2009,48.5
6/26/2009,48
6/29/2009,48
6/30/2009,47.74
7/1/2009,47.75
7/2/2009,47.9
7/3/2009,47.8
7/6/2009,48.5
7/7/2009,48.44
7/8/2009,48.8
7/9/2009,48.57
7/10/2009,48.76
7/13/2009,49.16
7/14/2009,48.955
7/15/2009,48.55
7/16/2009,48.61
7/17/2009,48.56
7/20/2009,48.1
7/21/2009,48.2
7/22/2009,48.45
7/23/2009,48.25
7/24/2009,48.16
7/27/2009,48.11
7/28/2009,48.2
7/29/2009,48.25
7/30/2009,48.35
7/31/2009,47.91
8/3/2009,47.4
8/4/2009,47.46
8/5/2009,47.27
8/6/2009,47.52
8/7/2009,47.72
8/10/2009,47.7
8/11/2009,47.88
8/12/2009,48.22
8/13/2009,48.11
8/14/2009,48.18
8/17/2009,48.82
8/18/2009,48.79
8/19/2009,48.7
8/20/2009,48.58
8/21/2009,48.43
8/24/2009,48.5
8/25/2009,48.755
8/26/2009,48.9
8/27/2009,48.81
8/28/2009,48.52
8/31/2009,48.83
9/1/2009,49.05
9/2/2009,48.88
9/3/2009,48.87
9/4/2009,48.86
9/7/2009,.
9/8/2009,48.4
9/9/2009,48.33
9/10/2009,48.45
9/11/2009,48.39
9/14/2009,48.67
9/15/2009,48.5
9/16/2009,48.2
9/17/2009,48.1
9/18/2009,48.02
9/21/2009,47.95
9/22/2009,47.86
9/23/2009,47.9
9/24/2009,47.89
9/25/2009,47.93
9/28/2009,47.75
9/29/2009,48.05
9/30/2009,48.09
10/1/2009,47.72
10/2/2009,47.61
10/5/2009,47.39
10/6/2009,46.79
10/7/2009,46.58
10/8/2009,46.2
10/9/2009,46.44
10/12/2009,.
10/13/2009,46.28
10/14/2009,46
10/15/2009,46.04
10/16/2009,46.2
10/19/2009,46.02
10/20/2009,46.24
10/21/2009,46.34
10/22/2009,46.59
10/23/2009,46.41
10/26/2009,46.68
10/27/2009,46.93
10/28/2009,47.16
10/29/2009,47.18
10/30/2009,46.9
11/2/2009,46.81
11/3/2009,47.37
11/4/2009,46.94
11/5/2009,46.93
11/6/2009,46.83
11/9/2009,46.36
11/10/2009,46.3
11/11/2009,.
11/12/2009,46.6
11/13/2009,46.24
11/16/2009,46.06
11/17/2009,46.2
11/18/2009,46.2
11/19/2009,46.73
11/20/2009,46.63
11/23/2009,46.4
11/24/2009,46.31
11/25/2009,46.18
11/26/2009,.
11/27/2009,46.55
11/30/2009,46.44
12/1/2009,46.21
12/2/2009,46.24
12/3/2009,46
12/4/2009,46.1
12/7/2009,46.45
12/8/2009,46.6
12/9/2009,46.51
12/10/2009,46.5
12/11/2009,46.47
12/14/2009,46.65
12/15/2009,46.7
12/16/2009,46.57
12/17/2009,46.85
12/18/2009,46.69
12/21/2009,46.8
12/22/2009,46.78
12/23/2009,46.8
12/24/2009,46.72
12/25/2009,.
12/28/2009,46.44
12/29/2009,46.56
12/30/2009,46.56
12/31/2009,46.4
1/1/2010,.
1/4/2010,46.27
1/5/2010,46.13
1/6/2010,45.72
1/7/2010,45.67
1/8/2010,45.5
1/11/2010,45.35
1/12/2010,45.6
1/13/2010,45.47
1/14/2010,45.55
1/15/2010,45.8
1/18/2010,.
1/19/2010,45.84
1/20/2010,46.1
1/21/2010,46.1
1/22/2010,46.21
1/25/2010,46.06
1/26/2010,.
1/27/2010,46.3
1/28/2010,46.35
1/29/2010,46.08
2/1/2010,46.27
2/2/2010,46.11
2/3/2010,45.97
2/4/2010,46.21
2/5/2010,46.72
2/8/2010,46.79
2/9/2010,46.49
2/10/2010,46.36
2/11/2010,46.39
2/12/2010,46.44
2/15/2010,.
2/16/2010,45.99
2/17/2010,46
2/18/2010,46.2
2/19/2010,46.24
2/22/2010,46.15
2/23/2010,46.25
2/24/2010,46.27
2/25/2010,46.29
2/26/2010,46.05
3/1/2010,46.01
3/2/2010,46.01
3/3/2010,45.55
3/4/2010,45.82
3/5/2010,45.49
3/8/2010,45.5
3/9/2010,45.6
3/10/2010,45.35
3/11/2010,45.49
3/12/2010,45.48
3/15/2010,45.55
3/16/2010,45.45
3/17/2010,45.28
3/18/2010,45.45
3/19/2010,45.31
3/22/2010,45.52
3/23/2010,45.5
3/24/2010,45.4
3/25/2010,45.5
3/26/2010,45.16
3/29/2010,44.94
3/30/2010,45.06
3/31/2010,44.95
4/1/2010,44.79
4/2/2010,44.74
4/5/2010,44.39
4/6/2010,44.41
4/7/2010,44.44
4/8/2010,44.41
4/9/2010,44.1
4/12/2010,44.41
4/13/2010,44.4675
4/14/2010,44.2
4/15/2010,44.32
4/16/2010,44.3
4/19/2010,44.72
4/20/2010,44.5
4/21/2010,44.54
4/22/2010,44.52
4/23/2010,44.42
4/26/2010,44.33
4/27/2010,44.41
4/28/2010,44.54
4/29/2010,44.61
4/30/2010,44.2
5/3/2010,44.46
5/4/2010,44.62
5/5/2010,44.82
5/6/2010,45.29
5/7/2010,45.4
5/10/2010,44.84
5/11/2010,45.1
5/12/2010,45.08
5/13/2010,45
5/14/2010,45.2
5/17/2010,45.51
5/18/2010,45.51
5/19/2010,46.27
5/20/2010,46.8
5/21/2010,46.9
5/24/2010,46.97
5/25/2010,47.49
5/26/2010,47.1
5/27/2010,46.71
5/28/2010,46.31
5/31/2010,.
6/1/2010,47.08
6/2/2010,46.89
6/3/2010,46.55
6/4/2010,46.85
6/7/2010,47.08
6/8/2010,46.82
6/9/2010,46.95
6/10/2010,46.89
6/11/2010,46.76
6/14/2010,46.4
6/15/2010,46.41
6/16/2010,46.43
6/17/2010,46.22
6/18/2010,45.96
6/21/2010,45.64
6/22/2010,46
6/23/2010,46.185
6/24/2010,46.4775
6/25/2010,46.36
6/28/2010,46.2
6/29/2010,46.4
6/30/2010,46.41
7/1/2010,46.59
7/2/2010,46.55
7/5/2010,.
7/6/2010,46.76
7/7/2010,46.96
7/8/2010,46.865
7/9/2010,46.66
7/12/2010,46.66
7/13/2010,46.74
7/14/2010,46.71
7/15/2010,46.5
7/16/2010,46.7
7/19/2010,47.1
7/20/2010,47.23
7/21/2010,47.08
7/22/2010,47.12
7/23/2010,46.9
7/26/2010,47.04
7/27/2010,46.25
7/28/2010,46.7
7/29/2010,46.53
7/30/2010,46.35
8/2/2010,46.09
8/3/2010,46.11
8/4/2010,46.02
8/5/2010,46.06
8/6/2010,45.94
8/9/2010,46.07
8/10/2010,46.3
8/11/2010,46.66
8/12/2010,46.7
8/13/2010,46.61
8/16/2010,46.68
8/17/2010,46.6
8/18/2010,46.54
8/19/2010,46.35
8/20/2010,45.7
8/23/2010,46.5
8/24/2010,46.86
8/25/2010,46.87
8/26/2010,46.78
8/27/2010,46.8
8/30/2010,46.87
8/31/2010,47.02
9/1/2010,46.74
9/2/2010,46.65
9/3/2010,46.58
9/6/2010,.
9/7/2010,46.82
9/8/2010,46.5
9/9/2010,46.3
9/10/2010,46.28
9/13/2010,46.26
9/14/2010,46.15
9/15/2010,46.23
9/16/2010,46.14
9/17/2010,45.88
9/20/2010,45.65
9/21/2010,45.59
9/22/2010,45.56
9/23/2010,45.56
9/24/2010,45.1
9/27/2010,44.94
9/28/2010,45.04
9/29/2010,44.8
9/30/2010,44.56
10/1/2010,44.41
10/4/2010,44.55
10/5/2010,44.46
10/6/2010,44.25
10/7/2010,44.21
10/8/2010,44.39
10/11/2010,.
10/12/2010,44.55
10/13/2010,44.35
10/14/2010,44.05
10/15/2010,44.15
10/18/2010,44.26
10/19/2010,44.3
10/20/2010,44.25
10/21/2010,44.25
10/22/2010,44.52
10/25/2010,44.39
10/26/2010,44.54
10/27/2010,44.4
10/28/2010,44.36
10/29/2010,44.44
11/1/2010,44.36
11/2/2010,44
11/3/2010,44.38
11/4/2010,44.08
11/5/2010,43.9
11/8/2010,44.29
11/9/2010,44.25
11/10/2010,44.28
11/11/2010,.
11/12/2010,44.78
11/15/2010,45.11
11/16/2010,45.51
11/17/2010,45.09
11/18/2010,45.14
11/19/2010,45.25
11/22/2010,45.48
11/23/2010,45.56
11/24/2010,45.72
11/25/2010,.
11/26/2010,45.82
11/29/2010,45.8
11/30/2010,45.83
12/1/2010,45.29
12/2/2010,45.09
12/3/2010,44.9
12/6/2010,44.89
12/7/2010,44.7
12/8/2010,45
12/9/2010,45.13
12/10/2010,45.1
12/13/2010,45.18
12/14/2010,45.01
12/15/2010,45.38
12/16/2010,45.54
12/17/2010,45.16
12/20/2010,45.4
12/21/2010,45.19
12/22/2010,45.05
12/23/2010,45.06
12/24/2010,.
12/27/2010,45.26
12/28/2010,45
12/29/2010,44.97
12/30/2010,44.8
12/31/2010,.
1/3/2011,44.59
1/4/2011,44.9
1/5/2011,45.35
1/6/2011,45.15
1/7/2011,45.35
1/10/2011,45.36
1/11/2011,45.08
1/12/2011,45.02
1/13/2011,45.02
1/14/2011,45.41
1/17/2011,.
1/18/2011,45.32
1/19/2011,45.5
1/20/2011,45.77
1/21/2011,45.58
1/24/2011,45.51
1/25/2011,45.7
1/26/2011,45.46
1/27/2011,45.68
1/28/2011,45.83
1/31/2011,45.92
2/1/2011,45.65
2/2/2011,45.55
2/3/2011,45.66
2/4/2011,45.6
2/7/2011,45.35
2/8/2011,45.15
2/9/2011,45.36
2/10/2011,45.64
2/11/2011,45.6
2/14/2011,45.44
2/15/2011,45.41
2/16/2011,45.4
2/17/2011,45.25
2/18/2011,45.1
2/21/2011,.
2/22/2011,45.15
2/23/2011,45.06
2/24/2011,45.4
2/25/2011,45.26
2/28/2011,45.18
3/1/2011,44.82
3/2/2011,44.81
3/3/2011,45.04
3/4/2011,44.89
3/7/2011,44.95
3/8/2011,45.03
3/9/2011,44.88
3/10/2011,45.17
3/11/2011,45.24
3/14/2011,44.99
3/15/2011,45.22
3/16/2011,45
3/17/2011,45.12
3/18/2011,45.06
3/21/2011,44.98
3/22/2011,44.95
3/23/2011,44.8
3/24/2011,44.69
3/25/2011,44.6
3/28/2011,44.8
3/29/2011,44.7
3/30/2011,44.75
3/31/2011,44.54
4/1/2011,44.44
4/4/2011,44.3
4/5/2011,44.3
4/6/2011,44.06
4/7/2011,44.18
4/8/2011,44.05
4/11/2011,44.33
4/12/2011,44.17
4/13/2011,44.46
4/14/2011,44.39
4/15/2011,44.26
4/18/2011,44.36
4/19/2011,44.49
4/20/2011,44.33
4/21/2011,44.26
4/22/2011,44.36
4/25/2011,44.41
4/26/2011,44.51
4/27/2011,44
4/28/2011,44.42
4/29/2011,44.24
5/2/2011,44.27
5/3/2011,44.47
5/4/2011,44.35
5/5/2011,44.76
5/6/2011,44.72
5/9/2011,44.68
5/10/2011,44.75
5/11/2011,44.59
5/12/2011,44.98
5/13/2011,44.86
5/16/2011,45.15
5/17/2011,45.13
5/18/2011,45.06
5/19/2011,44.9
5/20/2011,44.99
5/23/2011,45.22
5/24/2011,45.21
5/25/2011,45.32
5/26/2011,45.33
5/27/2011,45.17
5/30/2011,.
5/31/2011,45.04
6/1/2011,44.84
6/2/2011,44.86
6/3/2011,44.82
6/6/2011,44.78
6/7/2011,44.67
6/8/2011,44.72
6/9/2011,44.64
6/10/2011,44.72
6/13/2011,44.85
6/14/2011,44.74
6/15/2011,44.79
6/16/2011,44.88
6/17/2011,44.76
6/20/2011,44.92
6/21/2011,44.84
6/22/2011,44.82
6/23/2011,44.89
6/24/2011,44.99
6/27/2011,44.94
6/28/2011,45
6/29/2011,44.78
6/30/2011,44.59
7/1/2011,44.62
7/4/2011,.
7/5/2011,44.35
7/6/2011,44.48
7/7/2011,44.32
7/8/2011,44.41
7/11/2011,44.48
7/12/2011,44.6
7/13/2011,44.52
7/14/2011,44.5
7/15/2011,44.51
7/18/2011,44.6
7/19/2011,44.48
7/20/2011,44.44
7/21/2011,44.4
7/22/2011,44.34
7/25/2011,44.39
7/26/2011,44.1
7/27/2011,44.15
7/28/2011,44.03
7/29/2011,44.2
8/1/2011,44.06
8/2/2011,44.26
8/3/2011,44.31
8/4/2011,44.56
8/5/2011,44.73
8/8/2011,45
8/9/2011,45.2
8/10/2011,45.25
8/11/2011,45.29
8/12/2011,45.39
8/15/2011,45.23
8/16/2011,45.25
8/17/2011,45.3
8/18/2011,45.71
8/19/2011,45.66
8/22/2011,45.56
8/23/2011,45.62
8/24/2011,45.89
8/25/2011,46.04
8/26/2011,46.15
8/29/2011,45.95
8/30/2011,46.01
8/31/2011,45.79
9/1/2011,45.66
9/2/2011,45.74
9/5/2011,.
9/6/2011,46
9/7/2011,46.07
9/8/2011,46.2
9/9/2011,46.64
9/12/2011,47.22
9/13/2011,47.49
9/14/2011,47.58
9/15/2011,47.54
9/16/2011,47.27
9/19/2011,47.72
9/20/2011,47.93
9/21/2011,48.32
9/22/2011,49.47
9/23/2011,49.34
9/26/2011,49.47
9/27/2011,48.92
9/28/2011,48.94
9/29/2011,48.93
9/30/2011,49.05
10/3/2011,49.09
10/4/2011,49.3
10/5/2011,49.24
10/6/2011,49.18
10/7/2011,48.89
10/10/2011,.
10/11/2011,49.24
10/12/2011,48.95
10/13/2011,49.22
10/14/2011,48.89
10/17/2011,49.03
10/18/2011,49.33
10/19/2011,49.17
10/20/2011,49.86
10/21/2011,49.82
10/24/2011,49.72
10/25/2011,49.41
10/26/2011,49.4
10/27/2011,49
10/28/2011,48.63
10/31/2011,48.67
11/1/2011,49.26
11/2/2011,49.1
11/3/2011,49.04
11/4/2011,48.99
11/7/2011,48.94
11/8/2011,49.39
11/9/2011,50.05
11/10/2011,49.98
11/11/2011,.
11/14/2011,50.37
11/15/2011,50.62
11/16/2011,50.66
11/17/2011,50.95
11/18/2011,51.23
11/21/2011,52.06
11/22/2011,52.48
11/23/2011,52.26
11/24/2011,.
11/25/2011,52.23
11/28/2011,51.94
11/29/2011,51.9
11/30/2011,52.12
12/1/2011,51.36
12/2/2011,50.5
12/5/2011,51.31
12/6/2011,51.23
12/7/2011,51.62
12/8/2011,51.7
12/9/2011,51.87
12/12/2011,52.6
12/13/2011,53.09
12/14/2011,53.71
12/15/2011,53.55
12/16/2011,52.49
12/19/2011,52.69
12/20/2011,52.76
12/21/2011,52.39
12/22/2011,52.56
12/23/2011,52.78
12/26/2011,.
12/27/2011,52.93
12/28/2011,52.88
12/29/2011,53
12/30/2011,53.01
1/2/2012,.
1/3/2012,53.11
1/4/2012,52.85
1/5/2012,52.89
1/6/2012,52.67
1/9/2012,52.39
1/10/2012,51.59
1/11/2012,51.78
1/12/2012,51.51
1/13/2012,51.43
1/16/2012,.
1/17/2012,50.69
1/18/2012,50.4
1/19/2012,50.3
1/20/2012,50.22
1/23/2012,49.99
1/24/2012,50.02
1/25/2012,50.18
1/26/2012,49.42
1/27/2012,49.39
1/30/2012,49.66
1/31/2012,49.54
2/1/2012,49.2738
2/2/2012,49.03
2/3/2012,48.65
2/6/2012,49.05
2/7/2012,49.2
2/8/2012,49.22
2/9/2012,49.35
2/10/2012,49.48
2/13/2012,49.14
2/14/2012,49.4
2/15/2012,49.35
2/16/2012,49.43
2/17/2012,49.31
2/20/2012,.
2/21/2012,49.21
2/22/2012,49.24
2/23/2012,49.19
2/24/2012,48.98
2/27/2012,49.12
2/28/2012,49.01
2/29/2012,48.99
3/1/2012,49.14
3/2/2012,49.55
3/5/2012,49.82
3/6/2012,50.3763
3/7/2012,50.27
3/8/2012,50.17
3/9/2012,49.75
3/12/2012,49.98
3/13/2012,49.92
3/14/2012,50
3/15/2012,50.28
3/16/2012,50.11
3/19/2012,50.16
3/20/2012,50.48
3/21/2012,50.6
3/22/2012,51.28
3/23/2012,51.18
3/26/2012,51.03
3/27/2012,50.66
3/28/2012,50.97
3/29/2012,51.38
3/30/2012,50.89
4/2/2012,50.79
4/3/2012,50.64
4/4/2012,51.18
4/5/2012,51.11
4/6/2012,51.14
4/9/2012,51.1
4/10/2012,51.47
4/11/2012,51.5
4/12/2012,51.22
4/13/2012,51.45
4/16/2012,51.6
4/17/2012,51.41
4/18/2012,51.79
4/19/2012,52.07
4/20/2012,52.02
4/23/2012,52.38
4/24/2012,52.63
4/25/2012,52.45
4/26/2012,52.44
4/27/2012,52.45
4/30/2012,52.65
5/1/2012,52.5
5/2/2012,52.97
5/3/2012,53.33
5/4/2012,53.41
5/7/2012,52.91
5/8/2012,53.14
5/9/2012,53.75
5/10/2012,53.25
5/11/2012,53.63
5/14/2012,53.92
5/15/2012,53.91
5/16/2012,54.34
5/17/2012,54.37
5/18/2012,54.48
5/21/2012,54.97
5/22/2012,55.34
5/23/2012,55.95
5/24/2012,55.55
5/25/2012,55.35
5/28/2012,.
5/29/2012,55.71
5/30/2012,56.13
5/31/2012,56.38
6/1/2012,55.44
6/4/2012,55.65
6/5/2012,55.54
6/6/2012,55.26
6/7/2012,54.91
6/8/2012,55.39
6/11/2012,55.69
6/12/2012,55.6
6/13/2012,55.56
6/14/2012,55.7
6/15/2012,55.34
6/18/2012,55.85
6/19/2012,55.87
6/20/2012,56.24
6/21/2012,56.25
6/22/2012,57.11
6/25/2012,57.13
6/26/2012,56.95
6/27/2012,56.93
6/28/2012,56.81
6/29/2012,55.57
7/2/2012,55.45
7/3/2012,54.31
7/4/2012,.
7/5/2012,54.95
7/6/2012,55.47
7/9/2012,55.87
7/10/2012,55.39
7/11/2012,55.52
7/12/2012,55.83
7/13/2012,55.1
7/16/2012,55.05
7/17/2012,55.03
7/18/2012,55.33
7/19/2012,55.16
7/20/2012,55.27
7/23/2012,55.92
7/24/2012,56.22
7/25/2012,56.1
7/26/2012,55.59
7/27/2012,55.39
7/30/2012,55.42
7/31/2012,55.55
8/1/2012,55.47
8/2/2012,55.84
8/3/2012,55.75
8/6/2012,55.52
8/7/2012,55.06
8/8/2012,55.28
8/9/2012,55.17
8/10/2012,55.18
8/13/2012,55.34
8/14/2012,55.66
8/15/2012,55.66
8/16/2012,55.62
8/17/2012,55.62
8/20/2012,55.5
8/21/2012,55.46
8/22/2012,55.5
8/23/2012,55.14
8/24/2012,55.41
8/27/2012,55.68
8/28/2012,55.65
8/29/2012,55.69
8/30/2012,55.63
8/31/2012,55.52
9/3/2012,.
9/4/2012,55.61
9/5/2012,55.88
9/6/2012,55.64
9/7/2012,55.27
9/10/2012,55.44
9/11/2012,55.25
9/12/2012,55.21
9/13/2012,55.34
9/14/2012,53.3
9/17/2012,53.88
9/18/2012,53.9
9/19/2012,53.99
9/20/2012,54.26
9/21/2012,53.46
9/24/2012,53.43
9/25/2012,53.36
9/26/2012,53.52
9/27/2012,52.99
9/28/2012,52.92
10/1/2012,52.46
10/2/2012,52.42
10/3/2012,52.25
10/4/2012,51.74
10/5/2012,51.77
10/8/2012,.
10/9/2012,52.73
10/10/2012,53.05
10/11/2012,52.66
10/12/2012,52.81
10/15/2012,53.09
10/16/2012,52.89
10/17/2012,52.86
10/18/2012,53.46
10/19/2012,54.08
10/22/2012,53.51
10/23/2012,53.72
10/24/2012,53.73
10/25/2012,53.55
10/26/2012,53.55
10/29/2012,54.1
10/30/2012,53.96
10/31/2012,53.8
11/1/2012,53.76
11/2/2012,53.75
11/5/2012,54.6
11/6/2012,54.42
11/7/2012,54.37
11/8/2012,54.3
11/9/2012,54.61
11/12/2012,.
11/13/2012,54.82
11/14/2012,54.87
11/15/2012,54.65
11/16/2012,55.16
11/19/2012,55.05
11/20/2012,55.1
11/21/2012,55.14
11/22/2012,.
11/23/2012,55.44
11/26/2012,55.63
11/27/2012,55.35
11/28/2012,55.7
11/29/2012,54.71
11/30/2012,54.26
12/3/2012,54.66
12/4/2012,54.73
12/5/2012,54.46
12/6/2012,54.31
12/7/2012,54.35
12/10/2012,54.42
12/11/2012,54.31
12/12/2012,54.23
12/13/2012,54.36
12/14/2012,54.49
12/17/2012,54.68
12/18/2012,54.91
12/19/2012,54.67
12/20/2012,54.92
12/21/2012,55.06
12/24/2012,54.95
12/25/2012,.
12/26/2012,54.86
12/27/2012,54.94
12/28/2012,54.77
12/31/2012,54.86
1/1/2013,.
1/2/2013,54.23
1/3/2013,54.46
1/4/2013,54.93
1/7/2013,55.2
1/8/2013,55.02
1/9/2013,54.79
1/10/2013,54.49
1/11/2013,54.81
1/14/2013,54.5
1/15/2013,54.58
1/16/2013,54.66
1/17/2013,54.35
1/18/2013,53.82
1/21/2013,.
1/22/2013,53.72
1/23/2013,53.66
1/24/2013,53.67
1/25/2013,53.78
1/28/2013,53.97
1/29/2013,53.64
1/30/2013,53.21
1/31/2013,53.32
2/1/2013,53.16
2/4/2013,53.24
2/5/2013,52.99
2/6/2013,53.07
2/7/2013,53.22
2/8/2013,53.58
2/11/2013,53.95
2/12/2013,53.75
2/13/2013,53.79
2/14/2013,53.94
2/15/2013,54.28
2/18/2013,.
2/19/2013,54.26
2/20/2013,54.18
2/21/2013,54.47
2/22/2013,54.28
2/25/2013,53.96
2/26/2013,54.14
2/27/2013,53.72
2/28/2013,54.37
3/1/2013,54.9
3/4/2013,54.92
3/5/2013,54.87
3/6/2013,54.83
3/7/2013,54.45
3/8/2013,54.32
3/11/2013,54.38
3/12/2013,54.19
3/13/2013,54.3
3/14/2013,54.22
3/15/2013,54.06
3/18/2013,54.1
3/19/2013,54.4
3/20/2013,54.32
3/21/2013,54.27
3/22/2013,54.3
3/25/2013,54.22
3/26/2013,54.42
3/27/2013,54.45
3/28/2013,54.44
3/29/2013,54.52
4/1/2013,54.28
4/2/2013,54.43
4/3/2013,54.46
4/4/2013,54.91
4/5/2013,54.75
4/8/2013,54.58
4/9/2013,54.47
4/10/2013,54.41
4/11/2013,54.36
4/12/2013,54.62
4/15/2013,54.48
4/16/2013,54.08
4/17/2013,54.16
4/18/2013,53.95
4/19/2013,53.98
4/22/2013,54.19
4/23/2013,54.39
4/24/2013,54.22
4/25/2013,54.11
4/26/2013,54.41
4/29/2013,54.2
4/30/2013,53.68
5/1/2013,53.65
5/2/2013,53.79
5/3/2013,53.8
5/6/2013,54.13
5/7/2013,54.06
5/8/2013,54.08
5/9/2013,54.34
5/10/2013,54.94
5/13/2013,54.85
5/14/2013,54.5
5/15/2013,54.78
5/16/2013,54.68
5/17/2013,55.17
5/20/2013,55.02
5/21/2013,55.42
5/22/2013,55.62
5/23/2013,55.7
5/24/2013,55.78
5/27/2013,.
5/28/2013,56.07
5/29/2013,56.28
5/30/2013,56.5
5/31/2013,56.5
6/3/2013,56.66
6/4/2013,56.43
6/5/2013,56.84
6/6/2013,56.92
6/7/2013,56.57
6/10/2013,58.13
6/11/2013,58.34
6/12/2013,57.82
6/13/2013,58.07
6/14/2013,57.56
6/17/2013,57.97
6/18/2013,58.79
6/19/2013,58.7
6/20/2013,59.57
6/21/2013,59.43
6/24/2013,59.8
6/25/2013,59.66
6/26/2013,60.7
6/27/2013,60.19
6/28/2013,59.52
7/1/2013,59.38
7/2/2013,59.54
7/3/2013,60.21
7/4/2013,.
7/5/2013,60.23
7/8/2013,60.75
7/9/2013,60.09
7/10/2013,59.88
7/11/2013,59.82
7/12/2013,59.88
7/15/2013,59.89
7/16/2013,59.29
7/17/2013,59.34
7/18/2013,59.59
7/19/2013,59.37
7/22/2013,59.71
7/23/2013,59.64
7/24/2013,59.14
7/25/2013,59.01
7/26/2013,59.08
7/29/2013,59.33
7/30/2013,60.8
7/31/2013,60.77
8/1/2013,60.45
8/2/2013,60.88
8/5/2013,60.88
8/6/2013,60.78
8/7/2013,61.2
8/8/2013,60.72
8/9/2013,60.34
8/12/2013,61.15
8/13/2013,61.33
8/14/2013,61.27
8/15/2013,61.41
8/16/2013,61.65
8/19/2013,63.13
8/20/2013,63.21
8/21/2013,64.11
8/22/2013,64.55
8/23/2013,63.22
8/26/2013,64.26
8/27/2013,66.24
8/28/2013,68.8
8/29/2013,66.55
8/30/2013,65.71
9/2/2013,.
9/3/2013,67.71
9/4/2013,67.08
9/5/2013,66.01
9/6/2013,65.23
9/9/2013,65.24
9/10/2013,63.83
9/11/2013,63.26
9/12/2013,63.42
9/13/2013,63.36
9/16/2013,62.83
9/17/2013,63.36
9/18/2013,63.37
9/19/2013,61.76
9/20/2013,62.27
9/23/2013,62.57
9/24/2013,62.72
9/25/2013,62.2
9/26/2013,61.68
9/27/2013,62.48
9/30/2013,62.58
10/1/2013,62.46
10/2/2013,62.46
10/3/2013,61.97
10/4/2013,61.42
10/7/2013,61.79
10/8/2013,61.79
10/9/2013,61.92
10/10/2013,61.3
10/11/2013,61.07
10/14/2013,.
10/15/2013,61.84
10/16/2013,61.72
10/17/2013,61.13
10/18/2013,61.26
10/21/2013,61.56
10/22/2013,61.64
10/23/2013,61.54
10/24/2013,61.48
10/25/2013,61.4
10/28/2013,61.54
10/29/2013,61.34
10/30/2013,61.09
10/31/2013,61.61
11/1/2013,61.84
11/4/2013,61.74
11/5/2013,61.76
11/6/2013,62.48
11/7/2013,62.41
11/8/2013,62.48
11/11/2013,.
11/12/2013,63.73
11/13/2013,63.28
11/14/2013,63.12
11/15/2013,62.97
11/18/2013,62.07
11/19/2013,62.26
11/20/2013,62.34
11/21/2013,62.94
11/22/2013,62.72
11/25/2013,62.37
11/26/2013,62.47
11/27/2013,62.47
11/28/2013,.
11/29/2013,62.39
12/2/2013,62.3
12/3/2013,62.38
12/4/2013,61.9
12/5/2013,61.6
12/6/2013,61.43
12/9/2013,60.87
12/10/2013,61.04
12/11/2013,61.38
12/12/2013,61.85
12/13/2013,62.16
12/16/2013,61.68
12/17/2013,61.92
12/18/2013,62.06
12/19/2013,62.14
12/20/2013,61.98
12/23/2013,61.83
12/24/2013,61.75
12/25/2013,.
12/26/2013,62.15
12/27/2013,61.92
12/30/2013,61.77
12/31/2013,61.92
1/1/2014,.
1/2/2014,62.31
1/3/2014,62.17
1/6/2014,62.31
1/7/2014,62.3
1/8/2014,62.07
1/9/2014,62.07
1/10/2014,61.45
1/13/2014,61.52
1/14/2014,61.51
1/15/2014,61.54
1/16/2014,61.54
1/17/2014,61.54
1/20/2014,.
1/21/2014,61.94
1/22/2014,61.86
1/23/2014,62.11
1/24/2014,62.68
1/27/2014,63.09
1/28/2014,62.56
1/29/2014,62.46
1/30/2014,62.56
1/31/2014,62.63
2/3/2014,62.63
2/4/2014,62.27
2/5/2014,62.57
2/6/2014,62.14
2/7/2014,62.09
2/10/2014,62.44
2/11/2014,62.15
2/12/2014,61.84
2/13/2014,62.23
2/14/2014,61.87
2/17/2014,.
2/18/2014,62.2
2/19/2014,62.32
2/20/2014,62.21
2/21/2014,62.13
2/24/2014,62.07
2/25/2014,61.96
2/26/2014,62.11
2/27/2014,62.11
2/28/2014,61.78
3/3/2014,62.17
3/4/2014,61.91
3/5/2014,61.75
3/6/2014,60.89
3/7/2014,61.24
3/10/2014,60.84
3/11/2014,61.01
3/12/2014,61.01
3/13/2014,61.2
3/14/2014,61.19
3/17/2014,61.08
3/18/2014,61.1
3/19/2014,60.95
3/20/2014,61.33
3/21/2014,60.9
3/24/2014,60.78
3/25/2014,60.27
3/26/2014,60.13
3/27/2014,60.26
3/28/2014,59.89
3/31/2014,60
4/1/2014,59.86
4/2/2014,59.9
4/3/2014,60.35
4/4/2014,60.08
4/7/2014,60.11
4/8/2014,60.08
4/9/2014,60.09
4/10/2014,60.07
4/11/2014,60.18
4/14/2014,60.32
4/15/2014,60.34
4/16/2014,60.22
4/17/2014,60.29
4/18/2014,60.29
4/21/2014,60.59
4/22/2014,60.8
4/23/2014,61.17
4/24/2014,61.11
4/25/2014,60.64
4/28/2014,60.69
4/29/2014,60.23
4/30/2014,60.21
5/1/2014,60.11
5/2/2014,60.02
5/5/2014,60.21
5/6/2014,59.97
5/7/2014,60.01
5/8/2014,60.06
5/9/2014,60
5/12/2014,59.48
5/13/2014,59.44
5/14/2014,59.49
5/15/2014,59.38
5/16/2014,58.62
5/19/2014,58.38
5/20/2014,58.58
5/21/2014,58.66
5/22/2014,58.3
5/23/2014,58.36
5/26/2014,.
5/27/2014,58.9
5/28/2014,58.94
5/29/2014,58.9
5/30/2014,59.16
6/2/2014,59.15
6/3/2014,59.32
6/4/2014,59.34
6/5/2014,59.24
6/6/2014,59.17
6/9/2014,59.18
6/10/2014,59.18
6/11/2014,59.32
6/12/2014,59.19
6/13/2014,59.64
6/16/2014,60.16
6/17/2014,60.32
6/18/2014,60.28
6/19/2014,60.09
6/20/2014,60.23
6/23/2014,60.14
6/24/2014,60.14
6/25/2014,60.11
6/26/2014,60.17
6/27/2014,60.04
6/30/2014,60.06
7/1/2014,60.05
7/2/2014,59.69
7/3/2014,59.74
7/4/2014,.
7/7/2014,60.013
7/8/2014,59.78
7/9/2014,59.75
7/10/2014,60.19
7/11/2014,60.08
7/14/2014,60.11
7/15/2014,60.15
7/16/2014,60.12
7/17/2014,60.35
7/18/2014,60.33
7/21/2014,60.24
7/22/2014,60.16
7/23/2014,60
7/24/2014,60.11
7/25/2014,60.04
7/28/2014,60.13
7/29/2014,60.12
7/30/2014,60.4
7/31/2014,60.55
8/1/2014,61.2
8/4/2014,60.94
8/5/2014,61.05
8/6/2014,61.25
8/7/2014,61.2
8/8/2014,61.18
8/11/2014,61.17
8/12/2014,61.09
8/13/2014,61.22
8/14/2014,60.77
8/15/2014,60.77
8/18/2014,60.77
8/19/2014,60.67
8/20/2014,60.58
8/21/2014,60.56
8/22/2014,60.47
8/25/2014,60.56
8/26/2014,60.43
8/27/2014,60.45
8/28/2014,60.51
8/29/2014,61.51
9/1/2014,.
9/2/2014,60.69
9/3/2014,60.41
9/4/2014,60.38
9/5/2014,60.26
9/8/2014,60.29
9/9/2014,60.6
9/10/2014,60.95
9/11/2014,60.93
9/12/2014,60.95
9/15/2014,61.03
9/16/2014,61.06
9/17/2014,60.9
9/18/2014,60.78
9/19/2014,60.8
9/22/2014,60.93
9/23/2014,61.04
9/24/2014,60.93
9/25/2014,61.33
9/26/2014,61.14
9/29/2014,61.53
9/30/2014,61.92
10/1/2014,61.71
10/2/2014,61.61
10/3/2014,61.81
10/6/2014,61.68
10/7/2014,61.28
10/8/2014,61.38
10/9/2014,60.92
10/10/2014,61.27
10/13/2014,.
10/14/2014,61.38
10/15/2014,61.42
10/16/2014,61.8
10/17/2014,61.46
10/20/2014,61.2
10/21/2014,61.14
10/22/2014,61.18
10/23/2014,61.16
10/24/2014,61.16
10/27/2014,61.28
10/28/2014,61.17
10/29/2014,61.2
10/30/2014,61.42
10/31/2014,61.44
11/3/2014,61.38
11/4/2014,61.38
11/5/2014,61.49
11/6/2014,61.45
11/7/2014,61.5
11/10/2014,61.52
11/11/2014,.
11/12/2014,61.4
11/13/2014,61.55
11/14/2014,61.7
11/17/2014,61.82
11/18/2014,61.72
11/19/2014,61.98
11/20/2014,61.92
11/21/2014,61.76
11/24/2014,61.85
11/25/2014,61.89
11/26/2014,61.78
11/27/2014,.
11/28/2014,62.2
12/1/2014,61.94
12/2/2014,61.8
12/3/2014,61.85
12/4/2014,61.78
12/5/2014,61.9
12/8/2014,61.82
12/9/2014,61.87
12/10/2014,62.1
12/11/2014,62.46
12/12/2014,62.52
12/15/2014,63.16
12/16/2014,63.65
12/17/2014,63.52
12/18/2014,62.98
12/19/2014,63.24
12/22/2014,63.22
12/23/2014,63.4
12/24/2014,63.55
12/25/2014,.
12/26/2014,.
12/29/2014,63.67
12/30/2014,63.38
12/31/2014,63.04
1/1/2015,.
1/2/2015,63.27
1/5/2015,63.34
1/6/2015,63.57
1/7/2015,63.27
1/8/2015,62.67
1/9/2015,62.34
1/12/2015,62.09
1/13/2015,61.97
1/14/2015,62.09
1/15/2015,62.06
1/16/2015,61.87
1/19/2015,.
1/20/2015,61.64
1/21/2015,61.55
1/22/2015,61.32
1/23/2015,61.46
1/26/2015,61.46
1/27/2015,61.34
1/28/2015,61.34
1/29/2015,61.94
1/30/2015,62.01
2/2/2015,61.68
2/3/2015,61.67
2/4/2015,61.73
2/5/2015,61.73
2/6/2015,61.7
2/9/2015,62.1
2/10/2015,62.33
2/11/2015,62.41
2/12/2015,62.3
2/13/2015,62.04
2/16/2015,.
2/17/2015,62.14
2/18/2015,62.25
2/19/2015,62.08
2/20/2015,62.19
2/23/2015,62.15
2/24/2015,62.07
2/25/2015,61.84
2/26/2015,61.74
2/27/2015,61.67
3/2/2015,61.87
3/3/2015,61.76
3/4/2015,62.3
3/5/2015,62.26
3/6/2015,62.45
3/9/2015,62.67
3/10/2015,62.71
3/11/2015,62.76
3/12/2015,62.44
3/13/2015,63.06
3/16/2015,62.8
3/17/2015,62.64
3/18/2015,62.69
3/19/2015,62.56
3/20/2015,62.47
3/23/2015,62.22
3/24/2015,62.4
3/25/2015,62.35
3/26/2015,62.83
3/27/2015,62.5
3/30/2015,62.52
3/31/2015,62.31
4/1/2015,62.14
4/2/2015,62.13
4/3/2015,61.99
4/6/2015,62.16
4/7/2015,62.23
4/8/2015,62.22
4/9/2015,62.18
4/10/2015,62.21
4/13/2015,62.38
4/14/2015,62.25
4/15/2015,62.34
4/16/2015,62.28
4/17/2015,62.48
4/20/2015,63.07
4/21/2015,62.92
4/22/2015,62.96
4/23/2015,63.27
4/24/2015,63.55
4/27/2015,63.34
4/28/2015,63.05
4/29/2015,63.38
4/30/2015,63.58
5/1/2015,63.63
5/4/2015,63.64
5/5/2015,63.31
5/6/2015,63.57
5/7/2015,64.08
5/8/2015,63.73
5/11/2015,63.96
5/12/2015,64.19
5/13/2015,63.88
5/14/2015,63.47
5/15/2015,63.36
5/18/2015,63.66
5/19/2015,63.8
5/20/2015,63.75
5/21/2015,63.51
5/22/2015,63.43
5/25/2015,.
5/26/2015,63.87
5/27/2015,63.92
5/28/2015,63.83
5/29/2015,63.71
6/1/2015,63.59
6/2/2015,63.72
6/3/2015,63.99
6/4/2015,63.96
6/5/2015,63.76
6/8/2015,64.03
6/9/2015,63.96
6/10/2015,63.81
6/11/2015,63.93
6/12/2015,64.02
6/15/2015,64.03
6/16/2015,64.21
6/17/2015,64.14
6/18/2015,63.62
6/19/2015,63.43
6/22/2015,63.51
6/23/2015,63.57
6/24/2015,63.54
6/25/2015,63.5
6/26/2015,63.54
6/29/2015,63.73
6/30/2015,63.59
7/1/2015,63.55
7/2/2015,63.36
7/3/2015,.
7/6/2015,63.24
7/7/2015,63.51
7/8/2015,63.47
7/9/2015,63.31
7/10/2015,63.33
7/13/2015,63.43
7/14/2015,63.27
7/15/2015,63.48
7/16/2015,63.43
7/17/2015,63.45
7/20/2015,63.61
7/21/2015,63.57
7/22/2015,63.6
7/23/2015,63.86
7/24/2015,64.04
7/27/2015,64.24
7/28/2015,63.76
7/29/2015,63.83
7/30/2015,64.09
7/31/2015,63.87
8/3/2015,63.99
8/4/2015,63.71
8/5/2015,63.73
8/6/2015,63.67
8/7/2015,63.74
8/10/2015,63.77
8/11/2015,64.33
8/12/2015,64.8
8/13/2015,65.27
8/14/2015,65.02
8/17/2015,65.39
8/18/2015,65.44
8/19/2015,65.17
8/20/2015,65.49
8/21/2015,66.02
8/24/2015,66.8
8/25/2015,66.07
8/26/2015,66.11
8/27/2015,65.99
8/28/2015,66.14
8/31/2015,66.39
9/1/2015,66.34
9/2/2015,66.16
9/3/2015,66.07
9/4/2015,66.7
9/7/2015,.
9/8/2015,66.36
9/9/2015,66.47
9/10/2015,66.46
9/11/2015,66.39
9/14/2015,66.32
9/15/2015,66.36
9/16/2015,66.45
9/17/2015,66.12
9/18/2015,65.7
9/21/2015,65.66
9/22/2015,65.85
9/23/2015,66.05
9/24/2015,66.32
9/25/2015,66.12
9/28/2015,66.2
9/29/2015,65.9
9/30/2015,65.5
10/1/2015,65.57
10/2/2015,65.35
10/5/2015,65.12
10/6/2015,65.18
10/7/2015,64.86
10/8/2015,64.97
10/9/2015,64.76
10/12/2015,.
10/13/2015,65.06
10/14/2015,64.87
10/15/2015,64.77
10/16/2015,64.7
10/19/2015,64.9
10/20/2015,64.97
10/21/2015,65.19
10/22/2015,64.91
10/23/2015,64.87
10/26/2015,64.83
10/27/2015,65.03
10/28/2015,64.89
10/29/2015,65.35
10/30/2015,65.4
11/2/2015,65.58
11/3/2015,65.57
11/4/2015,65.46
11/5/2015,65.85
11/6/2015,66.13
11/9/2015,66.38
11/10/2015,66.19
11/11/2015,.
11/12/2015,66.04
11/13/2015,66.12
11/16/2015,66.01
11/17/2015,65.96
11/18/2015,66.16
11/19/2015,66.05
11/20/2015,66.06
11/23/2015,66.37
11/24/2015,66.32
11/25/2015,66.36
11/26/2015,.
11/27/2015,66.86
11/30/2015,66.43
12/1/2015,66.46
12/2/2015,66.53
12/3/2015,66.82
12/4/2015,66.65
12/7/2015,66.74
12/8/2015,66.77
12/9/2015,66.83
12/10/2015,66.7
12/11/2015,67.1
12/14/2015,67.09
12/15/2015,66.79
12/16/2015,66.6
12/17/2015,66.32
12/18/2015,66.23
12/21/2015,66.19
12/22/2015,66.19
12/23/2015,66.04
12/24/2015,66
12/25/2015,.
12/28/2015,66.09
12/29/2015,66.28
12/30/2015,66.44
12/31/2015,66.19
1/1/2016,.
1/4/2016,66.56
1/5/2016,66.49
1/6/2016,66.71
1/7/2016,66.73
1/8/2016,66.82
1/11/2016,66.78
1/12/2016,66.85
1/13/2016,66.74
1/14/2016,67.37
1/15/2016,67.74
1/18/2016,.
1/19/2016,67.68
1/20/2016,68.05
1/21/2016,67.87
1/22/2016,67.55
1/25/2016,67.71
1/26/2016,67.75
1/27/2016,67.98
1/28/2016,68.08
1/29/2016,67.87
2/1/2016,67.92
2/2/2016,67.92
2/3/2016,67.92
2/4/2016,67.57
2/5/2016,67.78
2/8/2016,67.98
2/9/2016,67.92
2/10/2016,67.85
2/11/2016,68.44
2/12/2016,68.12
2/15/2016,.
2/16/2016,68.48
2/17/2016,68.33
2/18/2016,68.54
2/19/2016,68.54
2/22/2016,68.53
2/23/2016,68.55
2/24/2016,68.53
2/25/2016,68.84
2/26/2016,68.82
2/29/2016,68.21
3/1/2016,67.75
3/2/2016,67.4
3/3/2016,67.15
3/4/2016,66.9
3/7/2016,66.97
3/8/2016,67.3
3/9/2016,67.07
3/10/2016,67.2
3/11/2016,66.93
3/14/2016,67.15
3/15/2016,67.33
3/16/2016,67.24
3/17/2016,66.61
3/18/2016,66.34
3/21/2016,66.45
3/22/2016,66.58
3/23/2016,66.82
3/24/2016,66.82
3/25/2016,66.82
3/28/2016,66.58
3/29/2016,66.46
3/30/2016,66.37
3/31/2016,66.25
4/1/2016,66.34
4/4/2016,66.05
4/5/2016,66.4
4/6/2016,66.49
4/7/2016,66.7
4/8/2016,66.49
4/11/2016,66.33
4/12/2016,66.35
4/13/2016,66.62
4/14/2016,66.56
4/15/2016,66.49
4/18/2016,66.42
4/19/2016,66.12
4/20/2016,66.12
4/21/2016,66.43
4/22/2016,66.6
4/25/2016,66.65
4/26/2016,66.4
4/27/2016,66.52
4/28/2016,66.39
4/29/2016,66.39
5/2/2016,66.36
5/3/2016,66.51
5/4/2016,66.63
5/5/2016,66.53
5/6/2016,66.52
5/9/2016,66.7
5/10/2016,66.58
5/11/2016,66.53
5/12/2016,66.7
5/13/2016,66.84
5/16/2016,66.78
5/17/2016,66.74
5/18/2016,66.95
5/19/2016,67.57
5/20/2016,67.42
5/23/2016,67.47
5/24/2016,67.59
5/25/2016,67.28
5/26/2016,66.9
5/27/2016,66.96
5/30/2016,.
5/31/2016,67.12
6/1/2016,67.44
6/2/2016,67.22
6/3/2016,66.99
6/6/2016,66.81
6/7/2016,66.64
6/8/2016,66.51
6/9/2016,66.68
6/10/2016,66.84
6/13/2016,67.17
6/14/2016,67.34
6/15/2016,67.08
6/16/2016,67.43
6/17/2016,67.11
6/20/2016,67.54
6/21/2016,67.73
6/22/2016,67.49
6/23/2016,67.29
6/24/2016,67.82
6/27/2016,67.92
6/28/2016,67.86
6/29/2016,67.42
6/30/2016,67.51
7/1/2016,67.24
7/4/2016,.
7/5/2016,67.4
7/6/2016,67.45
7/7/2016,67.49
7/8/2016,67.13
7/11/2016,67.11
7/12/2016,67.05
7/13/2016,66.99
7/14/2016,66.81
7/15/2016,67.07
7/18/2016,67.14
7/19/2016,67.14
7/20/2016,67.18
7/21/2016,67.15
7/22/2016,67.19
7/25/2016,67.41
7/26/2016,67.34
7/27/2016,67.14
7/28/2016,66.96
7/29/2016,66.77
8/1/2016,66.63
8/2/2016,66.65
8/3/2016,66.8
8/4/2016,66.76
8/5/2016,66.84
8/8/2016,66.82
8/9/2016,66.76
8/10/2016,66.72
8/11/2016,66.75
8/12/2016,66.82
8/15/2016,66.85
8/16/2016,66.83
8/17/2016,66.96
8/18/2016,66.83
8/19/2016,67.13
8/22/2016,67.18
8/23/2016,67.09
8/24/2016,67.14
8/25/2016,67.01
8/26/2016,66.98
8/29/2016,67.15
8/30/2016,67.14
8/31/2016,66.94
9/1/2016,66.85
9/2/2016,66.6
9/5/2016,.
9/6/2016,66.28
9/7/2016,66.42
9/8/2016,66.52
9/9/2016,66.76
9/12/2016,66.79
9/13/2016,67.03
9/14/2016,66.78
9/15/2016,66.84
9/16/2016,67.1
9/19/2016,66.94
9/20/2016,66.97
9/21/2016,66.99
9/22/2016,66.6
9/23/2016,66.66
9/26/2016,66.56
9/27/2016,66.5
9/28/2016,66.5
9/29/2016,66.72
9/30/2016,66.58
10/3/2016,66.52
10/4/2016,66.49
10/5/2016,66.53
10/6/2016,66.7
10/7/2016,66.61
10/10/2016,.
10/11/2016,66.81
10/12/2016,66.85
10/13/2016,66.84
10/14/2016,66.69
10/17/2016,66.8
10/18/2016,66.71
10/19/2016,66.64
10/20/2016,66.83
10/21/2016,66.94
10/24/2016,66.89
10/25/2016,66.8
10/26/2016,66.83
10/27/2016,66.85
10/28/2016,66.78
10/31/2016,66.72
11/1/2016,66.7
11/2/2016,66.66
11/3/2016,66.68
11/4/2016,66.75
11/7/2016,66.73
11/8/2016,66.39
11/9/2016,66.48
11/10/2016,66.86
11/11/2016,.
11/14/2016,67.78
11/15/2016,67.8
11/16/2016,68.07
11/17/2016,67.93
11/18/2016,68.12
11/21/2016,68.23
11/22/2016,68.4
11/23/2016,68.86
11/24/2016,.
11/25/2016,68.59
11/28/2016,68.56
11/29/2016,68.64
11/30/2016,68.56
12/1/2016,68.29
12/2/2016,68.04
12/5/2016,68.06
12/6/2016,67.72
12/7/2016,67.5
12/8/2016,67.42
12/9/2016,67.51
12/12/2016,67.38
12/13/2016,67.47
12/14/2016,67.43
12/15/2016,67.91
12/16/2016,67.82
12/19/2016,67.83
12/20/2016,67.97
12/21/2016,67.82
12/22/2016,67.86
12/23/2016,67.84
12/26/2016,.
12/27/2016,68.01
12/28/2016,68.2
12/29/2016,67.91
12/30/2016,67.92
1/2/2017,.
1/3/2017,68.37
1/4/2017,67.9
1/5/2017,67.74
1/6/2017,68.12
1/9/2017,68.08
1/10/2017,68.25
1/11/2017,68.39
1/12/2017,67.99
1/13/2017,68.16
1/16/2017,.
1/17/2017,67.9
1/18/2017,68.12
1/19/2017,68.1
1/20/2017,.
1/23/2017,68.11
1/24/2017,68.12
1/25/2017,68.04
1/26/2017,68.17
1/27/2017,68.06
1/30/2017,67.8
1/31/2017,67.48
2/1/2017,67.4
2/2/2017,67.2
2/3/2017,67.18
2/6/2017,67.2
2/7/2017,67.35
2/8/2017,67.04
2/9/2017,66.71
2/10/2017,66.8
2/13/2017,66.99
2/14/2017,66.88
2/15/2017,66.85
2/16/2017,67.12
2/17/2017,67.09
2/20/2017,.
2/21/2017,67
2/22/2017,66.95
2/23/2017,66.68
2/24/2017,66.68
2/27/2017,66.69
2/28/2017,66.67
3/1/2017,66.83
3/2/2017,66.75
3/3/2017,66.76
3/6/2017,66.64
3/7/2017,66.62
3/8/2017,66.76
3/9/2017,66.64
3/10/2017,66.6
3/13/2017,66.15
3/14/2017,65.76
3/15/2017,65.62
3/16/2017,65.4
3/17/2017,65.38
3/20/2017,65.3
3/21/2017,65.31
3/22/2017,65.45
3/23/2017,65.41
3/24/2017,65.4
3/27/2017,65.05
3/28/2017,65.02
3/29/2017,64.87
3/30/2017,64.85
3/31/2017,64.85
4/3/2017,65.03
4/4/2017,65.1
4/5/2017,64.87
4/6/2017,64.58
4/7/2017,64.26
4/10/2017,64.55
4/11/2017,64.55
4/12/2017,64.68
4/13/2017,64.42
4/14/2017,64.42
4/17/2017,64.53
4/18/2017,64.56
4/19/2017,64.62
4/20/2017,64.61
4/21/2017,64.65
4/24/2017,64.48
4/25/2017,64.32
4/26/2017,64.08
4/27/2017,64.14
4/28/2017,64.27
5/1/2017,64.25
5/2/2017,64.16
5/3/2017,64.17
5/4/2017,64.22
5/5/2017,64.31
5/8/2017,64.32
5/9/2017,64.66
5/10/2017,64.53
5/11/2017,64.43
5/12/2017,64.24
5/15/2017,64.04
5/16/2017,64.03
5/17/2017,64.11
5/18/2017,64.87
5/19/2017,64.56
5/22/2017,64.53
5/23/2017,64.85
5/24/2017,64.74
5/25/2017,64.55
5/26/2017,64.5
5/29/2017,.
5/30/2017,64.66
5/31/2017,64.5
6/1/2017,64.39
6/2/2017,64.41
6/5/2017,64.34
6/6/2017,64.42
6/7/2017,64.39
6/8/2017,64.24
6/9/2017,64.24
6/12/2017,64.48
6/13/2017,64.33
6/14/2017,64.23
6/15/2017,64.58
6/16/2017,64.5
6/19/2017,64.45
6/20/2017,64.54
6/21/2017,64.52
6/22/2017,64.6
6/23/2017,64.47
6/26/2017,64.43
6/27/2017,64.47
6/28/2017,64.55
6/29/2017,64.66
6/30/2017,64.62
7/3/2017,64.84
7/4/2017,.
7/5/2017,64.8
7/6/2017,64.72
7/7/2017,64.62
7/10/2017,64.45
7/11/2017,64.54
7/12/2017,64.53
7/13/2017,64.46
7/14/2017,64.38
7/17/2017,64.34
7/18/2017,64.32
7/19/2017,64.24
7/20/2017,64.37
7/21/2017,64.38
7/24/2017,64.39
7/25/2017,64.38
7/26/2017,64.32
7/27/2017,64.11
7/28/2017,64.11
7/31/2017,64.18
8/1/2017,64.06
8/2/2017,63.64
8/3/2017,63.67
8/4/2017,63.64
8/7/2017,63.83
8/8/2017,63.69
8/9/2017,63.86
8/10/2017,64.05
8/11/2017,64.14
8/14/2017,64.08
8/15/2017,64.12
8/16/2017,64.16
8/17/2017,64.15
8/18/2017,64.1
8/21/2017,64.1
8/22/2017,64.07
8/23/2017,64.04
8/24/2017,64.04
8/25/2017,64
8/28/2017,63.9
8/29/2017,64.02
8/30/2017,63.98
8/31/2017,63.93
9/1/2017,64.02
9/4/2017,.
9/5/2017,64.12
9/6/2017,64.06
9/7/2017,64.01
9/8/2017,63.78
9/11/2017,63.93
9/12/2017,64.03
9/13/2017,64
9/14/2017,64.12
9/15/2017,64.1
9/18/2017,64.15
9/19/2017,64.3
9/20/2017,64.29
9/21/2017,64.8
9/22/2017,64.79
9/25/2017,65.12
9/26/2017,65.46
9/27/2017,65.71
9/28/2017,65.46
9/29/2017,65.3
10/2/2017,65.28
10/3/2017,65.48
10/4/2017,65.02
10/5/2017,65.14
10/6/2017,65.39
10/9/2017,.
10/10/2017,65.24
10/11/2017,65.15
10/12/2017,65.05
10/13/2017,64.7
10/16/2017,64.7
10/17/2017,65.02
10/18/2017,65.06
10/19/2017,64.99
10/20/2017,65.03
10/23/2017,65.02
10/24/2017,65.1
10/25/2017,64.92
10/26/2017,64.84
10/27/2017,65.04
10/30/2017,64.83
10/31/2017,64.75
11/1/2017,64.56
11/2/2017,64.57
11/3/2017,64.56
11/6/2017,64.62
11/7/2017,65.03
11/8/2017,64.94
11/9/2017,64.96
11/10/2017,.
11/13/2017,65.46
11/14/2017,65.41
11/15/2017,65.26
11/16/2017,65.32
11/17/2017,65.01
11/20/2017,65.1
11/21/2017,64.91
11/22/2017,64.87
11/23/2017,.
11/24/2017,64.67
11/27/2017,64.47
11/28/2017,64.4
11/29/2017,64.29
11/30/2017,64.46
12/1/2017,64.5
12/4/2017,64.36
12/5/2017,64.38
12/6/2017,64.53
12/7/2017,64.57
12/8/2017,64.43
12/11/2017,64.35
12/12/2017,64.39
12/13/2017,64.45
12/14/2017,64.36
12/15/2017,64.04
12/18/2017,64.23
12/19/2017,64.02
12/20/2017,64.11
12/21/2017,64.02
12/22/2017,64.02
12/25/2017,.
12/26/2017,64.08
12/27/2017,64.15
12/28/2017,64.07
12/29/2017,63.83
1/1/2018,.
1/2/2018,63.46
1/3/2018,63.5
1/4/2018,63.4
1/5/2018,63.38
1/8/2018,63.48
1/9/2018,63.66
1/10/2018,63.58
1/11/2018,63.65
1/12/2018,63.61
1/15/2018,.
1/16/2018,64.01
1/17/2018,63.88
1/18/2018,63.87
1/19/2018,63.84
1/22/2018,63.88
1/23/2018,63.76
1/24/2018,63.69
1/25/2018,63.52
1/26/2018,63.58
1/29/2018,63.57
1/30/2018,63.65
1/31/2018,63.58
2/1/2018,63.97
2/2/2018,64.11
2/5/2018,64.06
2/6/2018,64.23
2/7/2018,64.23
2/8/2018,64.27
2/9/2018,64.37
2/12/2018,64.29
2/13/2018,64.27
2/14/2018,64.1
2/15/2018,63.93
2/16/2018,64.21
2/19/2018,.
2/20/2018,64.83
2/21/2018,64.76
2/22/2018,65.01
2/23/2018,64.71
2/26/2018,64.78
2/27/2018,64.84
2/28/2018,65.2
3/1/2018,65.2
3/2/2018,65.24
3/5/2018,65.06
3/6/2018,64.9
3/7/2018,64.86
3/8/2018,65.15
3/9/2018,65.12
3/12/2018,65
3/13/2018,64.85
3/14/2018,64.84
3/15/2018,64.94
3/16/2018,64.97
3/19/2018,65.21
3/20/2018,65.19
3/21/2018,65.2
3/22/2018,65.1
3/23/2018,64.98
3/26/2018,64.83
3/27/2018,64.98
3/28/2018,65.15
3/29/2018,65.12
3/30/2018,65.11
4/2/2018,65.11
4/3/2018,65
4/4/2018,65.08
4/5/2018,64.92
4/6/2018,64.95
4/9/2018,64.95
4/10/2018,64.95
4/11/2018,65.26
4/12/2018,65.28
4/13/2018,65.27
4/16/2018,65.46
4/17/2018,65.66
4/18/2018,65.62
4/19/2018,65.79
4/20/2018,66.15
4/23/2018,66.42
4/24/2018,66.36
4/25/2018,66.92
4/26/2018,66.8
4/27/2018,66.68
4/30/2018,66.5
5/1/2018,66.52
5/2/2018,66.71
5/3/2018,66.68
5/4/2018,66.83
5/7/2018,67.13
5/8/2018,67.12
5/9/2018,67.25
5/10/2018,67.24
5/11/2018,67.28
5/14/2018,67.55
5/15/2018,68.07
5/16/2018,67.77
5/17/2018,67.76
5/18/2018,68.04
5/21/2018,68.11
5/22/2018,68.04
5/23/2018,68.38
5/24/2018,68.32
5/25/2018,67.78
5/28/2018,.
5/29/2018,67.78
5/30/2018,67.46
5/31/2018,67.4
6/1/2018,66.99
6/4/2018,67.05
6/5/2018,67.12
6/6/2018,66.87
6/7/2018,67.2
6/8/2018,67.56
6/11/2018,67.46
6/12/2018,67.48
6/13/2018,67.6
6/14/2018,67.62
6/15/2018,68.06
6/18/2018,68.1
6/19/2018,68.3
6/20/2018,68.06
6/21/2018,67.94
6/22/2018,67.88
6/25/2018,68.09
6/26/2018,68.31
6/27/2018,68.63
6/28/2018,68.81
6/29/2018,68.46
7/2/2018,68.78
7/3/2018,68.58
7/4/2018,.
7/5/2018,68.89
7/6/2018,68.8
7/9/2018,68.66
7/10/2018,68.76
7/11/2018,68.7
7/12/2018,68.52
7/13/2018,68.44
7/16/2018,68.6
7/17/2018,68.42
7/18/2018,68.62
7/19/2018,69.01
7/20/2018,68.74
7/23/2018,68.84
7/24/2018,68.94
7/25/2018,68.72
7/26/2018,68.66
7/27/2018,68.6
7/30/2018,68.6
7/31/2018,68.54
8/1/2018,68.37
8/2/2018,68.63
8/3/2018,68.54
8/6/2018,68.82
8/7/2018,68.62
8/8/2018,68.65
8/9/2018,68.74
8/10/2018,68.88
8/13/2018,70.02
8/14/2018,69.95
8/15/2018,69.92
8/16/2018,70.19
8/17/2018,70.09
8/20/2018,69.84
8/21/2018,69.85
8/22/2018,69.85
8/23/2018,70.09
8/24/2018,69.96
8/27/2018,70.16
8/28/2018,70.09
8/29/2018,70.53
8/30/2018,70.74
8/31/2018,71
9/3/2018,.
9/4/2018,71.58
9/5/2018,71.75
9/6/2018,71.94
9/7/2018,71.78
9/10/2018,72.45
9/11/2018,72.69
9/12/2018,72.15
9/13/2018,72.02
9/14/2018,71.87
9/17/2018,72.51
9/18/2018,72.98
9/19/2018,72.35
9/20/2018,72.01
9/21/2018,72.18
9/24/2018,72.66
9/25/2018,72.68
9/26/2018,72.59
9/27/2018,72.55
9/28/2018,72.54
10/1/2018,72.92
10/2/2018,72.91
10/3/2018,73.34
10/4/2018,73.62
10/5/2018,73.76
10/8/2018,.
10/9/2018,74.33
10/10/2018,74.25
10/11/2018,74.04
10/12/2018,73.6
10/15/2018,73.76
10/16/2018,73.46
10/17/2018,73.52
10/18/2018,73.52
10/19/2018,73.37
10/22/2018,73.56
10/23/2018,73.54
10/24/2018,73.18
10/25/2018,73.21
10/26/2018,73.46
10/29/2018,73.42
10/30/2018,73.62
10/31/2018,73.95
11/1/2018,73.45
11/2/2018,72.44
11/5/2018,73.08
11/6/2018,72.95
11/7/2018,72.44
11/8/2018,72.37
11/9/2018,72.48
11/12/2018,.
11/13/2018,72.61
11/14/2018,72.3
11/15/2018,71.97
11/16/2018,71.98
11/19/2018,71.6
11/20/2018,71.49
11/21/2018,71.3
11/22/2018,.
11/23/2018,70.65
11/26/2018,70.81
11/27/2018,70.8
11/28/2018,70.63
11/29/2018,69.79
11/30/2018,69.62
12/3/2018,70.4
12/4/2018,70.52
12/5/2018,.
12/6/2018,70.84
12/7/2018,70.85
12/10/2018,72.436
12/11/2018,72.27
12/12/2018,71.79
12/13/2018,71.52
12/14/2018,71.94
12/17/2018,71.6
12/18/2018,70.61
12/19/2018,70.26
12/20/2018,69.96
12/21/2018,70.09
12/24/2018,.
12/25/2018,.
12/26/2018,70.07
12/27/2018,70.34
12/28/2018,69.92
12/31/2018,69.58
1/1/2019,.
1/2/2019,70.02
1/3/2019,70.12
1/4/2019,69.63
1/7/2019,69.78
1/8/2019,70.11
1/9/2019,70.42
1/10/2019,70.43
1/11/2019,70.38
1/14/2019,.
1/15/2019,71
1/16/2019,70.97
1/17/2019,71.09
1/18/2019,71.21
1/21/2019,.
1/22/2019,71.23
1/23/2019,71.21
1/24/2019,71.02
1/25/2019,70.94
1/28/2019,71.06
1/29/2019,71.4
1/30/2019,71.24
1/31/2019,70.94
2/1/2019,71.41
2/4/2019,71.66
2/5/2019,71.52
2/6/2019,71.55
2/7/2019,71.3
2/8/2019,71.23
2/11/2019,71.15
2/12/2019,70.56
2/13/2019,70.86
2/14/2019,71.18
2/15/2019,71.36
2/18/2019,.
2/19/2019,71.31
2/20/2019,.
2/21/2019,71.15
2/22/2019,71.07
2/25/2019,70.82
2/26/2019,71.02
2/27/2019,71.15
2/28/2019,70.83
3/1/2019,70.9
3/4/2019,70.91
3/5/2019,70.55
3/6/2019,70.02
3/7/2019,70.09
3/8/2019,70
3/11/2019,69.82
3/12/2019,69.62
3/13/2019,69.52
3/14/2019,69.33
3/15/2019,68.94
3/18/2019,68.6
3/19/2019,69.02
3/20/2019,68.85
3/21/2019,68.72
3/22/2019,69.01
3/25/2019,68.88
3/26/2019,68.98
3/27/2019,69.13
3/28/2019,69.23
3/29/2019,69.16
4/1/2019,69.18
4/2/2019,68.91
4/3/2019,68.58
4/4/2019,69.03
4/5/2019,69.11
4/8/2019,69.56
4/9/2019,69.28
4/10/2019,69.12
4/11/2019,68.97
4/12/2019,69.21
4/15/2019,69.38
4/16/2019,69.51
4/17/2019,69.43
4/18/2019,69.42
4/19/2019,69.37
4/22/2019,69.64
4/23/2019,69.78
4/24/2019,69.91
4/25/2019,70.19
4/26/2019,69.93
4/29/2019,69.8
4/30/2019,69.64
5/1/2019,69.52
5/2/2019,69.4
5/3/2019,69.08
5/6/2019,69.4
5/7/2019,69.62
5/8/2019,69.73
5/9/2019,70.21
5/10/2019,70.02
5/13/2019,70.62
5/14/2019,70.3
5/15/2019,70.22
5/16/2019,70.08
5/17/2019,70.28
5/20/2019,69.59
5/21/2019,69.61
5/22/2019,69.71
5/23/2019,69.66
5/24/2019,69.37
5/27/2019,.
5/28/2019,69.56
5/29/2019,69.8
5/30/2019,69.81
5/31/2019,69.63
6/3/2019,69.15
6/4/2019,69.28
6/5/2019,69.41
6/6/2019,69.21
6/7/2019,69.32
6/10/2019,69.49
6/11/2019,69.42
6/12/2019,69.35
6/13/2019,69.53
6/14/2019,69.81
6/17/2019,69.83
6/18/2019,69.6
6/19/2019,69.64
6/20/2019,69.44
6/21/2019,69.59
6/24/2019,69.32
6/25/2019,69.26
6/26/2019,69.18
6/27/2019,69.01
6/28/2019,68.92
7/1/2019,68.87
7/2/2019,68.87
7/3/2019,68.79
7/4/2019,.
7/5/2019,68.48
7/8/2019,68.55
7/9/2019,68.54
7/10/2019,68.4
7/11/2019,68.4
7/12/2019,68.57
7/15/2019,68.52
7/16/2019,68.66
7/17/2019,68.84
7/18/2019,68.85
7/19/2019,68.82
7/22/2019,68.89
7/23/2019,68.99
7/24/2019,68.94
7/25/2019,69.03
7/26/2019,68.89
7/29/2019,68.73
7/30/2019,68.82
7/31/2019,68.81
8/1/2019,69
8/2/2019,69.65
8/5/2019,70.8
8/6/2019,70.9
8/7/2019,71.18
8/8/2019,70.62
8/9/2019,70.91
8/12/2019,71.27
8/13/2019,71.41
8/14/2019,71.27
8/15/2019,71.79
8/16/2019,71.15
8/19/2019,71.44
8/20/2019,71.54
8/21/2019,71.43
8/22/2019,71.9
8/23/2019,71.49
8/26/2019,72.02
8/27/2019,71.52
8/28/2019,71.75
8/29/2019,71.67
8/30/2019,71.45
9/2/2019,.
9/3/2019,72.2
9/4/2019,72.11
9/5/2019,71.84
9/6/2019,71.68
9/9/2019,71.66
9/10/2019,71.89
9/11/2019,71.62
9/12/2019,70.91
9/13/2019,71
9/16/2019,71.53
9/17/2019,71.47
9/18/2019,71.16
9/19/2019,71.31
9/20/2019,71.05
9/23/2019,70.79
9/24/2019,70.94
9/25/2019,71
9/26/2019,70.93
9/27/2019,70.49
9/30/2019,70.64
10/1/2019,71.11
10/2/2019,71.17
10/3/2019,71.03
10/4/2019,70.86
10/7/2019,70.97
10/8/2019,71.21
10/9/2019,71.09
10/10/2019,70.98
10/11/2019,70.91
10/14/2019,.
10/15/2019,71.48
10/16/2019,71.37
10/17/2019,71.09
10/18/2019,71.07
10/21/2019,70.9
10/22/2019,70.81
10/23/2019,70.81
10/24/2019,71.01
10/25/2019,70.78
10/28/2019,70.71
10/29/2019,70.86
10/30/2019,70.96
10/31/2019,71.01
11/1/2019,70.76
11/4/2019,70.79
11/5/2019,70.81
11/6/2019,70.96
11/7/2019,71.04
11/8/2019,71.35
11/11/2019,.
11/12/2019,71.75
11/13/2019,72.12
11/14/2019,71.99
11/15/2019,71.6
11/18/2019,71.9
11/19/2019,71.86
11/20/2019,71.74
11/21/2019,71.75
11/22/2019,71.76
11/25/2019,71.69
11/26/2019,71.51
11/27/2019,71.26
11/28/2019,.
11/29/2019,71.75
12/2/2019,71.65
12/3/2019,71.7
12/4/2019,71.47
12/5/2019,71.26
12/6/2019,71.26
12/9/2019,71.02
12/10/2019,70.84
12/11/2019,70.73
12/12/2019,70.62
12/13/2019,70.8
12/16/2019,70.89
12/17/2019,71.04
12/18/2019,70.97
12/19/2019,71.11
12/20/2019,71.07
12/23/2019,71.24
12/24/2019,71.23
12/25/2019,.
12/26/2019,71.28
12/27/2019,71.45
12/30/2019,71.3
12/31/2019,71.36
1/1/2020,.
1/2/2020,71.34
1/3/2020,71.76
1/6/2020,71.86
1/7/2020,71.84
1/8/2020,71.51
1/9/2020,71.16
1/10/2020,70.94
1/13/2020,70.74
1/14/2020,70.85
1/15/2020,70.69
1/16/2020,70.95
1/17/2020,71.08
1/20/2020,.
1/21/2020,71.17
1/22/2020,71.07
1/23/2020,71.45
1/24/2020,71.31
1/27/2020,71.45
1/28/2020,71.24
1/29/2020,71.35
1/30/2020,71.57
1/31/2020,71.53
2/3/2020,71.32
2/4/2020,71.11
2/5/2020,71.19
2/6/2020,71.19
2/7/2020,71.47
2/10/2020,71.28
2/11/2020,71.25
2/12/2020,71.29
2/13/2020,71.27
2/14/2020,71.52
2/17/2020,.
2/18/2020,71.56
2/19/2020,71.55
2/20/2020,71.67
2/21/2020,71.9
2/24/2020,71.92
2/25/2020,71.81
2/26/2020,71.58
2/27/2020,71.65
2/28/2020,72.53
3/2/2020,72.88
3/3/2020,73.03
3/4/2020,73.49
3/5/2020,73.5
3/6/2020,74
3/9/2020,74.21
3/10/2020,74.15
3/11/2020,73.68
3/12/2020,74.25
3/13/2020,73.86
3/16/2020,74.01
3/17/2020,74.26
3/18/2020,74.55
3/19/2020,74.78
3/20/2020,75.31
3/23/2020,76.29
3/24/2020,76.37
3/25/2020,76.36
3/26/2020,74.89
3/27/2020,75.47
3/30/2020,75.33
3/31/2020,75.39
4/1/2020,76.4
4/2/2020,76.34
4/3/2020,76.24
4/6/2020,75.95
4/7/2020,75.64
4/8/2020,75.96
4/9/2020,76.3
4/10/2020,75.87
4/13/2020,76.25
4/14/2020,76.11
4/15/2020,76.56
4/16/2020,76.75
4/17/2020,76.56
4/20/2020,76.56
4/21/2020,76.95
4/22/2020,76.44
4/23/2020,75.84
4/24/2020,76.26
4/27/2020,76.23
4/28/2020,75.96
4/29/2020,75.45
4/30/2020,75.08
5/1/2020,75.75
5/4/2020,75.64
5/5/2020,75.72
5/6/2020,76.08
5/7/2020,75.78
5/8/2020,75.58
5/11/2020,75.87
5/12/2020,75.03
5/13/2020,75.33
5/14/2020,75.48
5/15/2020,75.82
5/18/2020,75.74
5/19/2020,75.67
5/20/2020,75.47
5/21/2020,75.63
5/22/2020,75.99
5/25/2020,.
5/26/2020,75.43
5/27/2020,75.88
5/28/2020,75.67
5/29/2020,75.59
6/1/2020,75.56
6/2/2020,75.03
6/3/2020,75.32
6/4/2020,75.43
6/5/2020,75.61
6/8/2020,75.44
6/9/2020,75.44
6/10/2020,75.65
6/11/2020,75.97
6/12/2020,76.03
6/15/2020,75.97
6/16/2020,76.19
6/17/2020,76.25
6/18/2020,76.32
6/19/2020,76.21
6/22/2020,75.76
6/23/2020,75.48
6/24/2020,75.65
6/25/2020,75.58
6/26/2020,75.63
6/29/2020,75.52
6/30/2020,75.53
7/1/2020,75.5
7/2/2020,74.78
7/3/2020,.
7/6/2020,74.62
7/7/2020,74.81
7/8/2020,74.94
7/9/2020,75.12
7/10/2020,75.14
7/13/2020,75.16
7/14/2020,75.38
7/15/2020,75.11
7/16/2020,75.11
7/17/2020,74.93
7/20/2020,74.77
7/21/2020,74.54
7/22/2020,74.56
7/23/2020,74.81
7/24/2020,74.77
7/27/2020,74.77
7/28/2020,74.91
7/29/2020,74.92
7/30/2020,74.88
7/31/2020,74.9
8/3/2020,75.2
8/4/2020,75.06
8/5/2020,74.8
8/6/2020,74.87
8/7/2020,75.04
8/10/2020,74.91
8/11/2020,74.61
8/12/2020,74.73
8/13/2020,74.81
8/14/2020,74.87
8/17/2020,74.74
8/18/2020,74.62
8/19/2020,74.85
8/20/2020,75.01
8/21/2020,74.92
8/24/2020,74.17
8/25/2020,74.2
8/26/2020,74.22
8/27/2020,73.89
8/28/2020,73.11
8/31/2020,73.25
9/1/2020,73
9/2/2020,73.27
9/3/2020,73.39
9/4/2020,73.29
9/7/2020,.
9/8/2020,73.78
9/9/2020,73.38
9/10/2020,73.43
9/11/2020,73.45
9/14/2020,73.42
9/15/2020,73.57
9/16/2020,73.54
9/17/2020,73.6
9/18/2020,73.54
9/21/2020,73.58
9/22/2020,73.5
9/23/2020,73.53
9/24/2020,73.9
9/25/2020,73.71
9/28/2020,73.79
9/29/2020,73.78
9/30/2020,73.54
10/1/2020,73.18
10/2/2020,73.35
10/5/2020,73.09
10/6/2020,73.4
10/7/2020,73.28
10/8/2020,73.33
10/9/2020,72.98
10/12/2020,.
10/13/2020,73.45
10/14/2020,73.24
10/15/2020,73.48
10/16/2020,73.42
10/19/2020,73.31
10/20/2020,73.47
10/21/2020,73.62
10/22/2020,73.65
10/23/2020,73.86
10/26/2020,73.93
10/27/2020,73.62
10/28/2020,74.19
10/29/2020,74.42
10/30/2020,74.59
11/2/2020,74.51
11/3/2020,74.61
11/4/2020,74.36
11/5/2020,73.93
11/6/2020,73.96
11/9/2020,74.03
11/10/2020,74.31
11/11/2020,.
11/12/2020,74.63
11/13/2020,74.56
11/16/2020,74.41
11/17/2020,74.42
11/18/2020,74.1
11/19/2020,74.16
11/20/2020,74.12
11/23/2020,74.21
11/24/2020,74.08
11/25/2020,73.75
11/26/2020,.
11/27/2020,.
11/30/2020,74.01
12/1/2020,73.51
12/2/2020,73.72
12/3/2020,73.8
12/4/2020,73.78
12/7/2020,73.83
12/8/2020,73.68
12/9/2020,73.71
12/10/2020,73.72
12/11/2020,73.73
12/14/2020,73.64
12/15/2020,73.56
12/16/2020,73.65
12/17/2020,73.53
12/18/2020,73.53
12/21/2020,74.03
12/22/2020,73.85
12/23/2020,73.77
12/24/2020,.
12/25/2020,.
12/28/2020,73.5
12/29/2020,73.33
12/30/2020,73.13
12/31/2020,73.01
1/1/2021,.
1/4/2021,73.08
1/5/2021,73.15
1/6/2021,73.15
1/7/2021,73.43
1/8/2021,73.31
1/11/2021,73.5
1/12/2021,73.26
1/13/2021,73.07
1/14/2021,73.11
1/15/2021,73.08
1/18/2021,.
1/19/2021,73.2
1/20/2021,.
1/21/2021,72.96
1/22/2021,72.98
1/25/2021,73.01
1/26/2021,72.9
1/27/2021,73.05
1/28/2021,72.91
1/29/2021,72.84
2/1/2021,73.11
2/2/2021,72.95
2/3/2021,72.84
2/4/2021,72.93
2/5/2021,72.85
2/8/2021,72.9
2/9/2021,72.83
2/10/2021,72.82
2/11/2021,72.69
2/12/2021,72.6
2/15/2021,.
2/16/2021,72.86
2/17/2021,72.81
2/18/2021,72.65
2/19/2021,72.5
2/22/2021,72.48
2/23/2021,72.44
2/24/2021,72.38
2/25/2021,72.74
2/26/2021,73.92
3/1/2021,73.4
3/2/2021,73.29
3/3/2021,72.85
3/4/2021,72.73
3/5/2021,73.21
3/8/2021,73.32
3/9/2021,72.89
3/10/2021,72.86
3/11/2021,72.69
3/12/2021,72.71
3/15/2021,72.58
3/16/2021,72.52
3/17/2021,72.56
3/18/2021,72.63
3/19/2021,72.45
3/22/2021,72.37
3/23/2021,72.52
3/24/2021,72.59
3/25/2021,72.69
3/26/2021,72.65
3/29/2021,72.75
3/30/2021,73.45
3/31/2021,73.14
4/1/2021,73.32
4/2/2021,73.37
4/5/2021,73.29
4/6/2021,73.49
4/7/2021,74.35
4/8/2021,74.57
4/9/2021,74.72
4/12/2021,75.03
4/13/2021,75.27
4/14/2021,75.07
4/15/2021,74.81
4/16/2021,74.48
4/19/2021,74.87
4/20/2021,75.38
4/21/2021,75.42
4/22/2021,75.11
4/23/2021,74.97
4/26/2021,74.75
4/27/2021,74.58
4/28/2021,74.49
4/29/2021,74.07
4/30/2021,74
5/3/2021,73.82
5/4/2021,73.8
5/5/2021,73.81
5/6/2021,73.64
5/7/2021,73.27
5/10/2021,73.41
5/11/2021,73.39
5/12/2021,73.53
5/13/2021,73.48
5/14/2021,73.23
5/17/2021,73.3
5/18/2021,73.04
5/19/2021,73.2
5/20/2021,73.03
5/21/2021,72.82
5/24/2021,72.86
5/25/2021,72.78
5/26/2021,72.71
5/27/2021,72.59
5/28/2021,72.42
5/31/2021,.
6/1/2021,72.83
6/2/2021,72.97
6/3/2021,73.01
6/4/2021,72.87
6/7/2021,72.8
6/8/2021,72.93
6/9/2021,72.98
6/10/2021,73.1
6/11/2021,73.24
6/14/2021,73.16
6/15/2021,73.35
6/16/2021,73.31
6/17/2021,74.16
6/18/2021,74.14
6/21/2021,74.18
6/22/2021,74.37
6/23/2021,74.13
6/24/2021,74.14
6/25/2021,74.14
6/28/2021,74.29
6/29/2021,74.29
6/30/2021,74.33
7/1/2021,74.56
7/2/2021,74.51
7/5/2021,.
7/6/2021,74.58
7/7/2021,74.81
7/8/2021,74.76
7/9/2021,74.53
7/12/2021,74.56
7/13/2021,74.51
7/14/2021,74.54
7/15/2021,74.55
7/16/2021,74.61
7/19/2021,74.85
7/20/2021,74.6
7/21/2021,74.49
7/22/2021,74.46
7/23/2021,74.44
7/26/2021,74.35
7/27/2021,74.5
7/28/2021,74.52
7/29/2021,74.25
7/30/2021,74.34
8/2/2021,74.35
8/3/2021,74.25
8/4/2021,74.15
8/5/2021,74.1
8/6/2021,74.19
8/9/2021,74.31
8/10/2021,74.5
8/11/2021,74.25
8/12/2021,74.31
8/13/2021,74.24
8/16/2021,74.19
8/17/2021,74.38
8/18/2021,74.27
8/19/2021,74.38
8/20/2021,74.35
8/23/2021,74.12
8/24/2021,74.13
8/25/2021,74.23
8/26/2021,74.13
8/27/2021,73.47
8/30/2021,73.29
8/31/2021,72.95
9/1/2021,72.99
9/2/2021,72.99
9/3/2021,72.98
9/6/2021,.
9/7/2021,73.44
9/8/2021,73.84
9/9/2021,73.52
9/10/2021,73.52
9/13/2021,73.58
9/14/2021,73.64
9/15/2021,73.47
9/16/2021,73.56
9/17/2021,73.64
9/20/2021,73.65
9/21/2021,73.71
9/22/2021,73.8
9/23/2021,73.7
9/24/2021,73.81
9/27/2021,73.86
9/28/2021,74.21
9/29/2021,74.28
9/30/2021,74.16
10/1/2021,74.15
10/4/2021,74.46
10/5/2021,74.51
10/6/2021,74.82
10/7/2021,74.85
10/8/2021,75.05
10/11/2021,.
10/12/2021,75.46
10/13/2021,75.33
10/14/2021,75.18
10/15/2021,74.98
10/18/2021,75.32
10/19/2021,75.06
10/20/2021,74.83
10/21/2021,74.8
10/22/2021,74.87
10/25/2021,75.05
10/26/2021,74.9
10/27/2021,75.01
10/28/2021,74.77
10/29/2021,75
11/1/2021,74.83
11/2/2021,74.63
11/3/2021,74.51
11/4/2021,74.53
11/5/2021,74.22
11/8/2021,73.91
11/9/2021,74.1
11/10/2021,74.26
11/11/2021,.
11/12/2021,74.4
11/15/2021,74.35
11/16/2021,74.48
11/17/2021,74.28
11/18/2021,74.25
11/19/2021,74.25
11/22/2021,74.37
11/23/2021,74.49
11/24/2021,74.57
11/25/2021,.
11/26/2021,74.89
11/29/2021,75.12
11/30/2021,75.1
12/1/2021,74.83
12/2/2021,74.89
12/3/2021,75.24
12/6/2021,75.39
12/7/2021,75.43
12/8/2021,75.4
12/9/2021,75.58
12/10/2021,75.66
12/13/2021,75.78
12/14/2021,75.98
12/15/2021,76.38
12/16/2021,76.18
12/17/2021,75.98
12/20/2021,75.82
12/21/2021,75.67
12/22/2021,75.45
12/23/2021,75.02
12/24/2021,.
12/27/2021,74.97
12/28/2021,74.67
12/29/2021,74.58
12/30/2021,74.39
12/31/2021,.
1/3/2022,74.32
1/4/2022,74.52
1/5/2022,74.31
1/6/2022,74.4
1/7/2022,74.27
1/10/2022,74.06
1/11/2022,73.81
1/12/2022,73.77
1/13/2022,73.96
1/14/2022,74.08
1/17/2022,.
1/18/2022,74.56
1/19/2022,74.39
1/20/2022,74.32
1/21/2022,74.28
1/24/2022,74.72
1/25/2022,74.73
1/26/2022,74.87
1/27/2022,75.18
1/28/2022,75
1/31/2022,74.6
2/1/2022,74.78
2/2/2022,74.77
2/3/2022,74.71
2/4/2022,74.61
2/7/2022,74.68
2/8/2022,74.71
2/9/2022,74.8
2/10/2022,75.07
2/11/2022,75.34
2/14/2022,75.63
2/15/2022,75.2
2/16/2022,75.03
2/17/2022,75.02
2/18/2022,74.63
2/21/2022,.
2/22/2022,74.65
2/23/2022,74.6
2/24/2022,75.61
2/25/2022,75.09
2/28/2022,75.49
3/1/2022,75.79
3/2/2022,75.61
3/3/2022,75.94
3/4/2022,76.42
3/7/2022,76.91
3/8/2022,77.07
3/9/2022,76.36
3/10/2022,76.37
3/11/2022,76.48
3/14/2022,76.45
3/15/2022,76.41
3/16/2022,76.17
3/17/2022,75.94
3/18/2022,76.03
3/21/2022,76.19
3/22/2022,76.06
3/23/2022,76.46
3/24/2022,76.18
3/25/2022,76.25
3/28/2022,76.06
3/29/2022,75.58
3/30/2022,75.76
3/31/2022,75.87
4/1/2022,75.96
4/4/2022,75.42
4/5/2022,75.31
4/6/2022,75.92
4/7/2022,75.9
4/8/2022,75.93
4/11/2022,75.85
4/12/2022,76.02
4/13/2022,76.14
4/14/2022,76.19
4/15/2022,76.32
4/18/2022,76.22
4/19/2022,76.39
4/20/2022,76.24
4/21/2022,76.23
4/22/2022,76.49
4/25/2022,76.72
4/26/2022,76.61
4/27/2022,76.61
4/28/2022,76.66
4/29/2022,76.48
5/2/2022,76.49
5/3/2022,76.49
5/4/2022,76.24
5/5/2022,76.54
5/6/2022,76.9
5/9/2022,77.45
5/10/2022,77.31
5/11/2022,77.28
5/12/2022,77.39
5/13/2022,77.42
5/16/2022,77.82
5/17/2022,77.46
5/18/2022,77.71
5/19/2022,77.45
5/20/2022,77.79
5/23/2022,77.51
5/24/2022,77.5
5/25/2022,77.58
5/26/2022,77.66
5/27/2022,77.58
5/30/2022,.
5/31/2022,77.59
6/1/2022,77.59
6/2/2022,77.41
6/3/2022,77.59
6/6/2022,77.83
6/7/2022,77.66
6/8/2022,77.65
6/9/2022,77.84
6/10/2022,78.08
6/13/2022,78.08
6/14/2022,78.01
6/15/2022,78.12
6/16/2022,78
6/17/2022,78
6/20/2022,.
6/21/2022,78.08
6/22/2022,78.21
6/23/2022,78.14
6/24/2022,78.25
6/27/2022,78.45
6/28/2022,78.97
6/29/2022,78.91
6/30/2022,79.02
7/1/2022,78.89
7/4/2022,.
7/5/2022,79.27
7/6/2022,79.02
7/7/2022,79.12
7/8/2022,79.25
7/11/2022,79.46
7/12/2022,79.45
7/13/2022,79.68
7/14/2022,79.94
7/15/2022,79.74
7/18/2022,79.99
7/19/2022,79.88
7/20/2022,79.96
7/21/2022,79.85
7/22/2022,79.83
7/25/2022,79.79
7/26/2022,79.82
7/27/2022,79.92
7/28/2022,79.64
7/29/2022,79.33
8/1/2022,78.93
8/2/2022,78.49
8/3/2022,79.13
8/4/2022,79.23
8/5/2022,79.36
8/8/2022,79.58
8/9/2022,79.65
8/10/2022,79.07
8/11/2022,79.54
8/12/2022,79.65
8/15/2022,79.48
8/16/2022,79.31
8/17/2022,79.41
8/18/2022,79.66
8/19/2022,79.89
8/22/2022,79.86
8/23/2022,79.81
8/24/2022,79.82
8/25/2022,79.9
8/26/2022,79.87
8/29/2022,79.96
8/30/2022,79.6
8/31/2022,79.45
9/1/2022,79.65
9/2/2022,79.7
9/5/2022,.
9/6/2022,79.86
9/7/2022,79.82
9/8/2022,79.71
9/9/2022,79.61
9/12/2022,79.35
9/13/2022,79.49
9/14/2022,79.41
9/15/2022,79.82
9/16/2022,79.66
9/19/2022,79.71
9/20/2022,79.72
9/21/2022,79.96
9/22/2022,81
9/23/2022,81.11
9/26/2022,81.6
9/27/2022,81.63
9/28/2022,81.61
9/29/2022,81.54
9/30/2022,81.37
10/3/2022,81.56
10/4/2022,81.45
10/5/2022,81.5
10/6/2022,82.06
10/7/2022,82.32
10/10/2022,.
10/11/2022,82.22
10/12/2022,82.25
10/13/2022,82.28
10/14/2022,82.28
10/17/2022,82.16
10/18/2022,82.29
10/19/2022,82.95
10/20/2022,82.66
10/21/2022,82.58
10/24/2022,82.68
10/25/2022,82.44
10/26/2022,82.73
10/27/2022,82.36
10/28/2022,82.33
10/31/2022,82.73
11/1/2022,82.62
11/2/2022,82.72
11/3/2022,82.76
11/4/2022,82.03
11/7/2022,81.95
11/8/2022,81.27
11/9/2022,81.25
11/10/2022,80.72
11/11/2022,.
11/14/2022,80.98
11/15/2022,80.94
11/16/2022,81.46
11/17/2022,81.69
11/18/2022,81.76
11/21/2022,81.68
11/22/2022,81.69
11/23/2022,81.71
11/24/2022,.
11/25/2022,81.73
11/28/2022,81.61
11/29/2022,81.61
11/30/2022,81.43
12/1/2022,81.17
12/2/2022,81.41
12/5/2022,81.77
12/6/2022,82.42
12/7/2022,82.31
12/8/2022,82.29
12/9/2022,82.46
12/12/2022,82.67
12/13/2022,82.49
12/14/2022,82.5
12/15/2022,82.75
12/16/2022,82.71
12/19/2022,82.65
12/20/2022,82.58
12/21/2022,82.81
12/22/2022,82.93
12/23/2022,82.86
12/26/2022,.
12/27/2022,82.88
12/28/2022,82.74
12/29/2022,82.83
12/30/2022,82.72
1/2/2023,.
1/3/2023,82.86
1/4/2023,82.72
1/5/2023,82.57
1/6/2023,82.72
1/9/2023,82.36
1/10/2023,81.6
1/11/2023,81.6
1/12/2023,81.19
1/13/2023,81.31
1/16/2023,.
1/17/2023,81.57
1/18/2023,81.33
1/19/2023,81.28
1/20/2023,80.99
1/23/2023,81.41
1/24/2023,81.53
1/25/2023,81.49
1/26/2023,81.59
1/27/2023,81.54
1/30/2023,81.47
1/31/2023,81.69
2/1/2023,81.73
2/2/2023,82.03
2/3/2023,82.21
2/6/2023,82.77
2/7/2023,82.81
2/8/2023,82.65
2/9/2023,82.44
2/10/2023,82.47
2/13/2023,82.72
2/14/2023,82.86
2/15/2023,82.78
2/16/2023,82.74
2/17/2023,82.73
2/20/2023,.
2/21/2023,82.85
2/22/2023,82.78
2/23/2023,82.59
2/24/2023,82.97
2/27/2023,82.69
2/28/2023,82.57
3/1/2023,82.43
3/2/2023,82.41
3/3/2023,81.98
3/6/2023,81.77
3/7/2023,81.93
3/8/2023,81.86
3/9/2023,82.02
3/10/2023,81.93
3/13/2023,82.19
3/14/2023,82.25
3/15/2023,82.84
3/16/2023,82.63
3/17/2023,82.56
